ISO-10303-21;
HEADER;
FILE_DESCRIPTION (( 'STEP AP214' ),
    '1' );
FILE_NAME ('C3242.545.085.843.180.517.STEP',
    '2024-08-04T13:40:46',
    ( 'LENOVO' ),
    ( '' ),
    'SwSTEP 2.0',
    'SolidWorks 2021',
    '' );
FILE_SCHEMA (( 'AUTOMOTIVE_DESIGN' ));
ENDSEC;

DATA;
#1 = AXIS2_PLACEMENT_3D ( 'NONE', #345, #1753, #1163 ) ;
#2 = CARTESIAN_POINT ( 'NONE',  ( 0.7573580019899447402, 2.613172181079120193, -1.140722001377330486 ) ) ;
#3 = LINE ( 'NONE', #409, #30 ) ;
#4 =( GEOMETRIC_REPRESENTATION_CONTEXT ( 3 ) GLOBAL_UNCERTAINTY_ASSIGNED_CONTEXT ( ( #1557 ) ) GLOBAL_UNIT_ASSIGNED_CONTEXT ( ( #1723, #74, #1852 ) ) REPRESENTATION_CONTEXT ( 'NONE', 'WORKASPACE' ) );
#5 = LINE ( 'NONE', #999, #1274 ) ;
#6 = CARTESIAN_POINT ( 'NONE',  ( -0.6910873368636083480, 2.924493464052230873, 1.205956901530622405 ) ) ;
#7 = CARTESIAN_POINT ( 'NONE',  ( 1.269999999999999796, -5.000000000000000000, 0.000000000000000000 ) ) ;
#8 = EDGE_CURVE ( 'NONE', #1812, #869, #1838, .T. ) ;
#9 = CARTESIAN_POINT ( 'NONE',  ( -1.525000000000000133, 3.464999999999999414, -0.5750000000000001776 ) ) ;
#10 = CIRCLE ( 'NONE', #1808, 0.2550000000000000044 ) ;
#11 = EDGE_CURVE ( 'NONE', #942, #270, #1847, .T. ) ;
#12 = CARTESIAN_POINT ( 'NONE',  ( 0.5366567088009579489, 2.832376858012838561, 0.8643497834641339361 ) ) ;
#13 = EDGE_CURVE ( 'NONE', #869, #194, #1165, .T. ) ;
#14 = LINE ( 'NONE', #966, #660 ) ;
#15 = APPLICATION_PROTOCOL_DEFINITION ( 'draft international standard', 'automotive_design', 1998, #38 ) ;
#16 = CARTESIAN_POINT ( 'NONE',  ( 1.105441509490612040, 2.725071762856797530, -1.272867399662675369 ) ) ;
#17 = FACE_OUTER_BOUND ( 'NONE', #1484, .T. ) ;
#18 = FACE_OUTER_BOUND ( 'NONE', #558, .T. ) ;
#19 = CARTESIAN_POINT ( 'NONE',  ( 1.525000000000000133, 3.465000000000000302, 0.5750000000000001776 ) ) ;
#20 = DIRECTION ( 'NONE',  ( -1.000000000000000000, 0.000000000000000000, 0.000000000000000000 ) ) ;
#21 = CIRCLE ( 'NONE', #867, 1.015000000000000124 ) ;
#22 = ADVANCED_FACE ( 'NONE', ( #1133 ), #1201, .T. ) ;
#23 = DIRECTION ( 'NONE',  ( 0.000000000000000000, -0.000000000000000000, -1.000000000000000000 ) ) ;
#24 = DIRECTION ( 'NONE',  ( 1.000000000000000000, 0.000000000000000000, 0.000000000000000000 ) ) ;
#25 = AXIS2_PLACEMENT_3D ( 'NONE', #1290, #83, #247 ) ;
#26 = FACE_OUTER_BOUND ( 'NONE', #837, .T. ) ;
#27 = DIRECTION ( 'NONE',  ( 1.000000000000000000, 0.000000000000000000, 0.000000000000000000 ) ) ;
#28 = CARTESIAN_POINT ( 'NONE',  ( 1.317971926863391374, 3.464999999999999414, -1.590000000000000080 ) ) ;
#29 = EDGE_CURVE ( 'NONE', #967, #1772, #1156, .T. ) ;
#30 = VECTOR ( 'NONE', #203, 1000.000000000000000 ) ;
#31 = CYLINDRICAL_SURFACE ( 'NONE', #406, 0.2550000000000000044 ) ;
#32 = EDGE_CURVE ( 'NONE', #291, #1558, #1806, .T. ) ;
#33 = CARTESIAN_POINT ( 'NONE',  ( -1.105441509490611596, 2.725071762856796642, 1.272867399662673593 ) ) ;
#34 = EDGE_CURVE ( 'NONE', #1116, #869, #1173, .T. ) ;
#35 = CIRCLE ( 'NONE', #1085, 1.014999999999999902 ) ;
#36 = DIRECTION ( 'NONE',  ( 1.000000000000000000, 0.000000000000000000, 0.000000000000000000 ) ) ;
#37 = SURFACE_STYLE_FILL_AREA ( #901 ) ;
#38 = APPLICATION_CONTEXT ( 'automotive_design' ) ;
#39 = DIRECTION ( 'NONE',  ( -1.000000000000000000, 0.000000000000000000, 0.000000000000000000 ) ) ;
#40 = COLOUR_RGB ( '',0.7529411764705882248, 0.7529411764705882248, 0.000000000000000000 ) ;
#41 = CIRCLE ( 'NONE', #1726, 0.5341666666666666785 ) ;
#42 = CARTESIAN_POINT ( 'NONE',  ( 0.000000000000000000, 2.650833333333333375, -0.5750000000000001776 ) ) ;
#43 = CARTESIAN_POINT ( 'NONE',  ( -0.6281896551724140965, 2.450000000000000622, 0.5750000000000001776 ) ) ;
#44 = DIRECTION ( 'NONE',  ( 0.000000000000000000, -0.000000000000000000, -1.000000000000000000 ) ) ;
#45 = FACE_OUTER_BOUND ( 'NONE', #1657, .T. ) ;
#46 = AXIS2_PLACEMENT_3D ( 'NONE', #844, #108, #256 ) ;
#47 = DIRECTION ( 'NONE',  ( 0.9154160183684295626, -0.4025090226497926027, -0.000000000000000000 ) ) ;
#48 = CARTESIAN_POINT ( 'NONE',  ( 1.250543736025130359, 3.214652887354279898, 1.566803144911290468 ) ) ;
#49 = AXIS2_PLACEMENT_3D ( 'NONE', #1390, #1540, #1117 ) ;
#50 = EDGE_CURVE ( 'NONE', #1822, #1866, #1820, .T. ) ;
#51 = CIRCLE ( 'NONE', #971, 0.2550000000000000044 ) ;
#52 = CARTESIAN_POINT ( 'NONE',  ( -0.6690659505696832099, 2.500039379477277723, 0.9352124944257218520 ) ) ;
#53 = DIRECTION ( 'NONE',  ( 1.000000000000000000, 0.000000000000000000, 0.000000000000000000 ) ) ;
#54 = CYLINDRICAL_SURFACE ( 'NONE', #401, 0.2550000000000000600 ) ;
#55 = CARTESIAN_POINT ( 'NONE',  ( -2.003112906019240302, 1.021193720826579110, 0.000000000000000000 ) ) ;
#56 = CARTESIAN_POINT ( 'NONE',  ( -0.6281896551724137634, 2.449999999999999734, -0.5749999999999997335 ) ) ;
#57 = CARTESIAN_POINT ( 'NONE',  ( -1.269999999999999574, 2.449999999999999734, 0.2550000000000000044 ) ) ;
#58 = CARTESIAN_POINT ( 'NONE',  ( -1.182832750097316588, 2.978048587594848584, 1.474569606546710432 ) ) ;
#59 = AXIS2_PLACEMENT_3D ( 'NONE', #710, #439, #1102 ) ;
#60 =( LENGTH_UNIT ( ) NAMED_UNIT ( * ) SI_UNIT ( .MILLI., .METRE. ) );
#61 = DIRECTION ( 'NONE',  ( 8.537024980200821325E-17, -1.000000000000000000, -0.000000000000000000 ) ) ;
#62 = DIRECTION ( 'NONE',  ( 1.000000000000000000, 0.000000000000000000, -8.118830620796288738E-16 ) ) ;
#63 = FACE_OUTER_BOUND ( 'NONE', #1001, .T. ) ;
#64 = AXIS2_PLACEMENT_3D ( 'NONE', #729, #1357, #1489 ) ;
#65 = ADVANCED_FACE ( 'NONE', ( #482 ), #1796, .T. ) ;
#66 = CARTESIAN_POINT ( 'NONE',  ( 2.540000000000000036, 6.824999999999999289, 0.5750000000000001776 ) ) ;
#67 = MANIFOLD_SOLID_BREP ( 'Move Face1[2]', #1004 ) ;
#68 = EDGE_CURVE ( 'NONE', #1638, #1824, #1227, .T. ) ;
#69 = DIRECTION ( 'NONE',  ( 0.000000000000000000, 0.000000000000000000, 1.000000000000000000 ) ) ;
#70 = CARTESIAN_POINT ( 'NONE',  ( -1.513290586765498880, 1.236568915316050621, 0.000000000000000000 ) ) ;
#71 = DIRECTION ( 'NONE',  ( -0.000000000000000000, -0.000000000000000000, -1.000000000000000000 ) ) ;
#72 =( NAMED_UNIT ( * ) PLANE_ANGLE_UNIT ( ) SI_UNIT ( $, .RADIAN. ) );
#73 = CARTESIAN_POINT ( 'NONE',  ( -1.015000000000000124, 2.449999999999999734, -0.5749999999999992895 ) ) ;
#74 =( NAMED_UNIT ( * ) PLANE_ANGLE_UNIT ( ) SI_UNIT ( $, .RADIAN. ) );
#75 = CYLINDRICAL_SURFACE ( 'NONE', #709, 1.014999999999999902 ) ;
#76 = DIRECTION ( 'NONE',  ( 0.000000000000000000, 0.000000000000000000, 1.000000000000000000 ) ) ;
#77 = DIRECTION ( 'NONE',  ( 0.000000000000000000, 0.000000000000000000, 1.000000000000000000 ) ) ;
#78 = ADVANCED_FACE ( 'NONE', ( #1871 ), #582, .T. ) ;
#79 = LINE ( 'NONE', #232, #1356 ) ;
#80 = DIRECTION ( 'NONE',  ( 0.000000000000000000, 1.000000000000000000, 0.000000000000000000 ) ) ;
#81 = AXIS2_PLACEMENT_3D ( 'NONE', #262, #1121, #1585 ) ;
#82 = DIRECTION ( 'NONE',  ( 0.000000000000000000, 0.000000000000000000, -1.000000000000000000 ) ) ;
#83 = DIRECTION ( 'NONE',  ( 0.000000000000000000, 1.000000000000000000, 0.000000000000000000 ) ) ;
#84 = CIRCLE ( 'NONE', #1859, 0.2550000000000000044 ) ;
#85 = DIRECTION ( 'NONE',  ( 0.000000000000000000, 1.000000000000000000, 0.000000000000000000 ) ) ;
#86 = DIRECTION ( 'NONE',  ( -0.9154160183684295626, -0.4025090226497926582, 0.000000000000000000 ) ) ;
#87 = EDGE_CURVE ( 'NONE', #314, #372, #1222, .T. ) ;
#88 = CIRCLE ( 'NONE', #141, 1.014999999999999902 ) ;
#89 = EDGE_CURVE ( 'NONE', #1221, #1843, #597, .T. ) ;
#90 = CARTESIAN_POINT ( 'NONE',  ( -1.525000000000000133, 3.465000000000000302, 0.5750000000000001776 ) ) ;
#91 = EDGE_CURVE ( 'NONE', #337, #988, #613, .T. ) ;
#92 = DIRECTION ( 'NONE',  ( 1.290716872006553520E-16, -1.000000000000000000, 0.000000000000000000 ) ) ;
#93 = CIRCLE ( 'NONE', #1802, 0.4256034482758620507 ) ;
#94 = DIRECTION ( 'NONE',  ( 1.000000000000000000, 0.000000000000000000, 0.000000000000000000 ) ) ;
#95 = CARTESIAN_POINT ( 'NONE',  ( 0.9403122475105113454, 3.108005182600433791, -1.465896027348235764 ) ) ;
#96 = CARTESIAN_POINT ( 'NONE',  ( 1.015000000000000346, 2.449999999999999734, 0.7119084630736169927 ) ) ;
#97 = CARTESIAN_POINT ( 'NONE',  ( 1.015000000000000346, 2.984166666666666412, 0.5750000000000000666 ) ) ;
#98 = DIRECTION ( 'NONE',  ( -1.000000000000000000, 0.000000000000000000, 0.000000000000000000 ) ) ;
#99 = AXIS2_PLACEMENT_3D ( 'NONE', #1908, #1105, #1114 ) ;
#100 = CARTESIAN_POINT ( 'NONE',  ( -1.269999999999999574, 2.449999999999999734, 0.000000000000000000 ) ) ;
#101 = AXIS2_PLACEMENT_3D ( 'NONE', #456, #1898, #98 ) ;
#102 = DIRECTION ( 'NONE',  ( 0.000000000000000000, 0.000000000000000000, 1.000000000000000000 ) ) ;
#103 = TOROIDAL_SURFACE ( 'NONE', #623, 0.2999999999999991007, 0.2550000000000000044 ) ;
#104 = EDGE_CURVE ( 'NONE', #514, #969, #1238, .T. ) ;
#105 = CARTESIAN_POINT ( 'NONE',  ( -1.525000000000000355, -2.176941369951209598E-17, 3.122849337825750543E-17 ) ) ;
#106 = DIRECTION ( 'NONE',  ( 1.290716872006553520E-16, -1.000000000000000000, 0.000000000000000000 ) ) ;
#107 = CARTESIAN_POINT ( 'NONE',  ( 1.129993336237680834, 3.274872246957232669, 1.565377035357968349 ) ) ;
#108 = DIRECTION ( 'NONE',  ( -0.000000000000000000, 1.000000000000000000, -0.000000000000000000 ) ) ;
#109 = CYLINDRICAL_SURFACE ( 'NONE', #260, 0.2550000000000000600 ) ;
#110 = CARTESIAN_POINT ( 'NONE',  ( 1.059684764716200878, 2.582686985301520632, -1.094430153526917859 ) ) ;
#111 = CARTESIAN_POINT ( 'NONE',  ( 1.985000000000000320, 0.9799999999999999822, -3.122849337825750543E-17 ) ) ;
#112 = CARTESIAN_POINT ( 'NONE',  ( 1.182832750097324803, 2.978048587594847696, -1.474569606546710432 ) ) ;
#113 = CARTESIAN_POINT ( 'NONE',  ( 1.848971734561334568, 2.000000000000000000, 0.000000000000000000 ) ) ;
#114 = LINE ( 'NONE', #236, #1377 ) ;
#115 = DIRECTION ( 'NONE',  ( 0.000000000000000000, -0.000000000000000000, -1.000000000000000000 ) ) ;
#116 = ADVANCED_FACE ( 'NONE', ( #569 ), #885, .F. ) ;
#117 = PRESENTATION_LAYER_ASSIGNMENT (  '', '', ( #1229 ) ) ;
#118 = CARTESIAN_POINT ( 'NONE',  ( 1.525000000000000133, 3.464999999999999414, -0.5750000000000001776 ) ) ;
#119 = CIRCLE ( 'NONE', #593, 0.2550000000000000044 ) ;
#120 = CARTESIAN_POINT ( 'NONE',  ( 1.173682310457601963, 2.943707942625479745, -1.485360686878315351 ) ) ;
#121 = AXIS2_PLACEMENT_3D ( 'NONE', #452, #594, #749 ) ;
#122 = CYLINDRICAL_SURFACE ( 'NONE', #1322, 1.014999999999999680 ) ;
#123 = DIRECTION ( 'NONE',  ( 1.000000000000000000, 0.000000000000000000, 0.000000000000000000 ) ) ;
#124 = EDGE_CURVE ( 'NONE', #967, #1116, #585, .T. ) ;
#125 = PRODUCT_CONTEXT ( 'NONE', #38, 'mechanical' ) ;
#126 = CIRCLE ( 'NONE', #1070, 1.015000000000000568 ) ;
#127 = DIRECTION ( 'NONE',  ( 1.000000000000000000, 0.000000000000000000, 1.014853827599536117E-15 ) ) ;
#128 = CARTESIAN_POINT ( 'NONE',  ( -1.250543736025123698, 3.214652887354279009, -1.566803144911290468 ) ) ;
#129 = CIRCLE ( 'NONE', #382, 0.2550000000000000044 ) ;
#130 = DIRECTION ( 'NONE',  ( -0.000000000000000000, -0.000000000000000000, -1.000000000000000000 ) ) ;
#131 = FACE_OUTER_BOUND ( 'NONE', #546, .T. ) ;
#132 = CARTESIAN_POINT ( 'NONE',  ( 2.540000000000000480, 6.824999999999999289, -0.5749999999999992895 ) ) ;
#133 = VECTOR ( 'NONE', #1022, 1000.000000000000000 ) ;
#134 = DIRECTION ( 'NONE',  ( 0.000000000000000000, 0.000000000000000000, 1.000000000000000000 ) ) ;
#135 = CARTESIAN_POINT ( 'NONE',  ( 1.317971926863390930, 3.465000000000000302, 1.590000000000000080 ) ) ;
#136 = AXIS2_PLACEMENT_3D ( 'NONE', #222, #402, #1850 ) ;
#137 = VECTOR ( 'NONE', #1788, 1000.000000000000227 ) ;
#138 = CARTESIAN_POINT ( 'NONE',  ( 1.284313270774890547, 3.337706832427558279, -1.590000000000000080 ) ) ;
#139 = FACE_OUTER_BOUND ( 'NONE', #567, .T. ) ;
#140 = LINE ( 'NONE', #1640, #133 ) ;
#141 = AXIS2_PLACEMENT_3D ( 'NONE', #1179, #290, #1332 ) ;
#142 = CARTESIAN_POINT ( 'NONE',  ( -1.525000000000000133, 3.465000000000000302, -0.5750000000000001776 ) ) ;
#143 = FACE_OUTER_BOUND ( 'NONE', #1510, .T. ) ;
#144 = CARTESIAN_POINT ( 'NONE',  ( 1.525000000000000133, 3.465000000000000302, 0.5750000000000001776 ) ) ;
#145 = CYLINDRICAL_SURFACE ( 'NONE', #1302, 0.5341666666666666785 ) ;
#146 = EDGE_CURVE ( 'NONE', #1127, #194, #1904, .T. ) ;
#147 = CARTESIAN_POINT ( 'NONE',  ( 1.615930387541195890, 1.469999999999999973, 0.000000000000000000 ) ) ;
#148 = CARTESIAN_POINT ( 'NONE',  ( 0.7573580019899589511, 2.613172181079121525, 1.140722001377334038 ) ) ;
#149 = EDGE_CURVE ( 'NONE', #1860, #1676, #1874, .T. ) ;
#150 = CYLINDRICAL_SURFACE ( 'NONE', #570, 0.2550000000000000600 ) ;
#151 = APPLICATION_PROTOCOL_DEFINITION ( 'draft international standard', 'automotive_design', 1998, #164 ) ;
#152 = FACE_OUTER_BOUND ( 'NONE', #1907, .T. ) ;
#153 = CARTESIAN_POINT ( 'NONE',  ( 0.8913674833830502742, 2.792156275597315052, -1.343716306846348463 ) ) ;
#154 = ADVANCED_FACE ( 'NONE', ( #1266 ), #573, .T. ) ;
#155 = CARTESIAN_POINT ( 'NONE',  ( -0.5075000000000000622, 2.817499999999999893, -0.7109343704867485680 ) ) ;
#156 = CARTESIAN_POINT ( 'NONE',  ( -1.284313270791722195, 3.337706832423100511, 1.590000000000000080 ) ) ;
#157 = FACE_OUTER_BOUND ( 'NONE', #1017, .T. ) ;
#158 = ORIENTED_EDGE ( 'NONE', *, *, #448, .T. ) ;
#159 = VECTOR ( 'NONE', #658, 1000.000000000000000 ) ;
#160 = TOROIDAL_SURFACE ( 'NONE', #1827, 0.5789717345613348831, 0.2550000000000000044 ) ;
#161 = CARTESIAN_POINT ( 'NONE',  ( -1.015000000000000124, 3.465000000000000302, 1.590000000000000080 ) ) ;
#162 = CARTESIAN_POINT ( 'NONE',  ( 0.7900424211600790558, 2.655695382246614944, 1.199737214343309599 ) ) ;
#163 = AXIS2_PLACEMENT_3D ( 'NONE', #1313, #486, #647 ) ;
#164 = APPLICATION_CONTEXT ( 'automotive_design' ) ;
#165 = LINE ( 'NONE', #1543, #832 ) ;
#166 = CARTESIAN_POINT ( 'NONE',  ( 1.192663769416112629, 3.246542403455028314, -1.572591140164976364 ) ) ;
#167 = AXIS2_PLACEMENT_3D ( 'NONE', #111, #1414, #123 ) ;
#168 = FACE_OUTER_BOUND ( 'NONE', #1475, .T. ) ;
#169 = DIRECTION ( 'NONE',  ( 0.000000000000000000, 0.000000000000000000, 1.000000000000000000 ) ) ;
#170 = EDGE_CURVE ( 'NONE', #1762, #245, #592, .T. ) ;
#171 = ORIENTED_EDGE ( 'NONE', *, *, #1925, .F. ) ;
#172 = DIRECTION ( 'NONE',  ( -0.000000000000000000, -1.000000000000000000, -0.000000000000000000 ) ) ;
#173 = LINE ( 'NONE', #859, #1485 ) ;
#174 = EDGE_CURVE ( 'NONE', #808, #1155, #579, .T. ) ;
#175 = CARTESIAN_POINT ( 'NONE',  ( 1.525000000000000133, 3.465000000000000302, 0.5750000000000001776 ) ) ;
#176 = EDGE_CURVE ( 'NONE', #1610, #514, #129, .T. ) ;
#177 = CIRCLE ( 'NONE', #423, 1.015000000000000124 ) ;
#178 = CARTESIAN_POINT ( 'NONE',  ( 0.7464739589717812596, 2.963487505259468247, 1.272867401847622926 ) ) ;
#179 = ORIENTED_EDGE ( 'NONE', *, *, #300, .T. ) ;
#180 = FACE_OUTER_BOUND ( 'NONE', #608, .T. ) ;
#181 = DIRECTION ( 'NONE',  ( 0.000000000000000000, 1.000000000000000000, 0.000000000000000000 ) ) ;
#182 = LINE ( 'NONE', #1299, #802 ) ;
#183 = FACE_OUTER_BOUND ( 'NONE', #892, .T. ) ;
#184 = CARTESIAN_POINT ( 'NONE',  ( -1.615930387541195890, 1.469999999999999973, 0.000000000000000000 ) ) ;
#185 = DIRECTION ( 'NONE',  ( 1.000000000000000000, 0.000000000000000000, 0.000000000000000000 ) ) ;
#186 = ADVANCED_FACE ( 'NONE', ( #1438 ), #780, .T. ) ;
#187 = LINE ( 'NONE', #242, #191 ) ;
#188 = CARTESIAN_POINT ( 'NONE',  ( -1.525000000000000133, 3.464999999999999414, -0.5750000000000001776 ) ) ;
#189 = CARTESIAN_POINT ( 'NONE',  ( 1.525000000000000133, 3.465000000000000302, 1.590000000000000080 ) ) ;
#190 = ORIENTED_EDGE ( 'NONE', *, *, #1474, .F. ) ;
#191 = VECTOR ( 'NONE', #700, 1000.000000000000000 ) ;
#192 = AXIS2_PLACEMENT_3D ( 'NONE', #1715, #687, #641 ) ;
#193 = CARTESIAN_POINT ( 'NONE',  ( -1.015000047733277455, 2.449999999999999289, -0.7197613672478746505 ) ) ;
#194 = VERTEX_POINT ( 'NONE', #55 ) ;
#195 = DIRECTION ( 'NONE',  ( -0.000000000000000000, -1.000000000000000000, -0.000000000000000000 ) ) ;
#196 = EDGE_CURVE ( 'NONE', #1221, #884, #793, .T. ) ;
#197 = CARTESIAN_POINT ( 'NONE',  ( -0.8571528524121109216, 2.745371188878726887, 1.301000130747162142 ) ) ;
#198 = CIRCLE ( 'NONE', #1661, 1.014999999999999902 ) ;
#199 =( LENGTH_UNIT ( ) NAMED_UNIT ( * ) SI_UNIT ( .MILLI., .METRE. ) );
#200 = DIRECTION ( 'NONE',  ( -0.000000000000000000, -0.000000000000000000, -1.000000000000000000 ) ) ;
#201 = CARTESIAN_POINT ( 'NONE',  ( 1.525000000000000577, 6.824999999999999289, -0.5749999999999997335 ) ) ;
#202 = ORIENTED_EDGE ( 'NONE', *, *, #1811, .F. ) ;
#203 = DIRECTION ( 'NONE',  ( -0.000000000000000000, -0.000000000000000000, -1.000000000000000000 ) ) ;
#204 = DIRECTION ( 'NONE',  ( -1.000000000000000000, 0.000000000000000000, 0.000000000000000000 ) ) ;
#205 = ORIENTED_EDGE ( 'NONE', *, *, #1092, .F. ) ;
#206 = VECTOR ( 'NONE', #1648, 1000.000000000000000 ) ;
#207 = CARTESIAN_POINT ( 'NONE',  ( -1.513290586765498880, 1.236568915316050621, 0.000000000000000000 ) ) ;
#208 = AXIS2_PLACEMENT_3D ( 'NONE', #100, #422, #548 ) ;
#209 = CARTESIAN_POINT ( 'NONE',  ( 0.000000000000000000, 0.000000000000000000, 0.000000000000000000 ) ) ;
#210 = ORIENTED_EDGE ( 'NONE', *, *, #733, .F. ) ;
#211 = CIRCLE ( 'NONE', #682, 0.5549999999999990496 ) ;
#212 = DIRECTION ( 'NONE',  ( 0.000000000000000000, 0.000000000000000000, 1.000000000000000000 ) ) ;
#213 = DIRECTION ( 'NONE',  ( 0.000000000000000000, 1.000000000000000000, 0.000000000000000000 ) ) ;
#214 = AXIS2_PLACEMENT_3D ( 'NONE', #543, #212, #1316 ) ;
#215 = CIRCLE ( 'NONE', #1681, 1.014999999999999902 ) ;
#216 = DIRECTION ( 'NONE',  ( -1.000000000000000000, 0.000000000000000000, 0.000000000000000000 ) ) ;
#217 = EDGE_CURVE ( 'NONE', #1762, #1797, #786, .T. ) ;
#218 = FACE_OUTER_BOUND ( 'NONE', #500, .T. ) ;
#219 = SURFACE_STYLE_FILL_AREA ( #1417 ) ;
#220 = ORIENTED_EDGE ( 'NONE', *, *, #1892, .F. ) ;
#221 = CARTESIAN_POINT ( 'NONE',  ( 1.525000000000000577, 7.839999999999999858, -0.5750000000000001776 ) ) ;
#222 = CARTESIAN_POINT ( 'NONE',  ( 0.000000000000000000, 0.000000000000000000, 0.000000000000000000 ) ) ;
#223 = EDGE_LOOP ( 'NONE', ( #1926, #1260, #1275, #243 ) ) ;
#224 = DIRECTION ( 'NONE',  ( -1.000000000000000000, 0.000000000000000000, 0.000000000000000000 ) ) ;
#225 = DIRECTION ( 'NONE',  ( -1.000000000000000000, 0.000000000000000000, 0.000000000000000000 ) ) ;
#226 = ORIENTED_EDGE ( 'NONE', *, *, #713, .T. ) ;
#227 = DIRECTION ( 'NONE',  ( 0.000000000000000000, -0.000000000000000000, -1.000000000000000000 ) ) ;
#228 = ORIENTED_EDGE ( 'NONE', *, *, #386, .F. ) ;
#229 = PRODUCT_DEFINITION ( 'UNKNOWN', '', #510, #1538 ) ;
#230 = DIRECTION ( 'NONE',  ( 0.000000000000000000, -1.000000000000000000, 0.000000000000000000 ) ) ;
#231 = ORIENTED_EDGE ( 'NONE', *, *, #1476, .T. ) ;
#232 = CARTESIAN_POINT ( 'NONE',  ( 1.015000000000000346, 2.176941369951209598E-17, 0.000000000000000000 ) ) ;
#233 = AXIS2_PLACEMENT_3D ( 'NONE', #1339, #1480, #434 ) ;
#234 =( NAMED_UNIT ( * ) SI_UNIT ( $, .STERADIAN. ) SOLID_ANGLE_UNIT ( ) );
#235 = ORIENTED_EDGE ( 'NONE', *, *, #1714, .T. ) ;
#236 = CARTESIAN_POINT ( 'NONE',  ( -1.269999999999999574, 2.449999999999999734, -0.2550000000000000044 ) ) ;
#237 = AXIS2_PLACEMENT_3D ( 'NONE', #1379, #71, #1549 ) ;
#238 = ORIENTED_EDGE ( 'NONE', *, *, #1552, .F. ) ;
#239 = PRODUCT_DEFINITION_SHAPE ( 'NONE', 'NONE',  #229 ) ;
#240 = ADVANCED_FACE ( 'NONE', ( #168 ), #648, .F. ) ;
#241 = EDGE_CURVE ( 'NONE', #969, #248, #809, .T. ) ;
#242 = CARTESIAN_POINT ( 'NONE',  ( 1.525000000000000133, 3.465000000000000302, -1.590000000000000080 ) ) ;
#243 = ORIENTED_EDGE ( 'NONE', *, *, #269, .T. ) ;
#244 = CARTESIAN_POINT ( 'NONE',  ( 1.525000000000000577, 6.824999999999999289, 0.5750000000000001776 ) ) ;
#245 = VERTEX_POINT ( 'NONE', #309 ) ;
#246 = CARTESIAN_POINT ( 'NONE',  ( -1.525000000000000133, 3.465000000000000302, 1.590000000000000080 ) ) ;
#247 = DIRECTION ( 'NONE',  ( 0.000000000000000000, 0.000000000000000000, 1.000000000000000000 ) ) ;
#248 = VERTEX_POINT ( 'NONE', #900 ) ;
#249 = CARTESIAN_POINT ( 'NONE',  ( 1.015000000000000124, 2.449999999999999734, 0.5750000000000006217 ) ) ;
#250 = CYLINDRICAL_SURFACE ( 'NONE', #705, 0.5341666666666666785 ) ;
#251 = CARTESIAN_POINT ( 'NONE',  ( 1.525000000000000133, 2.449999999999999734, -0.5749999999999992895 ) ) ;
#252 = ORIENTED_EDGE ( 'NONE', *, *, #1867, .F. ) ;
#253 = PRODUCT_DEFINITION_SHAPE ( 'NONE', 'NONE',  #1298 ) ;
#254 = CYLINDRICAL_SURFACE ( 'NONE', #99, 1.014999999999999902 ) ;
#255 = CARTESIAN_POINT ( 'NONE',  ( 0.6910873368636083480, 2.924493464052230873, 1.205956901530622405 ) ) ;
#256 = DIRECTION ( 'NONE',  ( 0.000000000000000000, 0.000000000000000000, -1.000000000000000000 ) ) ;
#257 = ORIENTED_EDGE ( 'NONE', *, *, #1502, .T. ) ;
#258 = DIRECTION ( 'NONE',  ( -1.000000000000000000, 0.000000000000000000, 0.000000000000000000 ) ) ;
#259 = ADVANCED_FACE ( 'NONE', ( #143 ), #797, .T. ) ;
#260 = AXIS2_PLACEMENT_3D ( 'NONE', #1399, #86, #420 ) ;
#261 = ORIENTED_EDGE ( 'NONE', *, *, #984, .T. ) ;
#262 = CARTESIAN_POINT ( 'NONE',  ( 1.270000000000000462, 0.000000000000000000, 0.000000000000000000 ) ) ;
#263 = ORIENTED_EDGE ( 'NONE', *, *, #525, .T. ) ;
#264 = EDGE_CURVE ( 'NONE', #1879, #884, #801, .T. ) ;
#265 = CARTESIAN_POINT ( 'NONE',  ( 1.250543736025123698, 3.214652887354279009, -1.566803144911290468 ) ) ;
#266 = ORIENTED_EDGE ( 'NONE', *, *, #1925, .T. ) ;
#267 = DIRECTION ( 'NONE',  ( 1.000000000000000000, 0.000000000000000000, 0.000000000000000000 ) ) ;
#268 = DIRECTION ( 'NONE',  ( -1.000000000000000000, 0.000000000000000000, 0.000000000000000000 ) ) ;
#269 = EDGE_CURVE ( 'NONE', #392, #367, #1426, .T. ) ;
#270 = VERTEX_POINT ( 'NONE', #1139 ) ;
#271 = DIRECTION ( 'NONE',  ( -0.000000000000000000, -1.000000000000000000, -0.000000000000000000 ) ) ;
#272 = CARTESIAN_POINT ( 'NONE',  ( 1.269999999999999574, 2.449999999999999734, 0.2550000000000000044 ) ) ;
#273 = ORIENTED_EDGE ( 'NONE', *, *, #768, .T. ) ;
#274 = CARTESIAN_POINT ( 'NONE',  ( -1.525000000000000577, 6.824999999999999289, 1.590000000000000080 ) ) ;
#275 = CIRCLE ( 'NONE', #1, 0.2550000000000000044 ) ;
#276 = ORIENTED_EDGE ( 'NONE', *, *, #627, .T. ) ;
#277 = CARTESIAN_POINT ( 'NONE',  ( -1.015000000000000124, 2.449999999999999734, 0.5750000000000006217 ) ) ;
#278 = ADVANCED_FACE ( 'NONE', ( #139 ), #782, .T. ) ;
#279 = EDGE_LOOP ( 'NONE', ( #205, #394, #917 ) ) ;
#280 = FACE_OUTER_BOUND ( 'NONE', #332, .T. ) ;
#281 = ORIENTED_EDGE ( 'NONE', *, *, #1476, .F. ) ;
#282 = CARTESIAN_POINT ( 'NONE',  ( 1.317971926863391374, 3.464999999999999414, -1.590000000000000080 ) ) ;
#283 = ORIENTED_EDGE ( 'NONE', *, *, #522, .T. ) ;
#284 = CIRCLE ( 'NONE', #1439, 0.2550000000000000044 ) ;
#285 = ORIENTED_EDGE ( 'NONE', *, *, #1731, .T. ) ;
#286 = ORIENTED_EDGE ( 'NONE', *, *, #1058, .T. ) ;
#287 = FACE_OUTER_BOUND ( 'NONE', #1620, .T. ) ;
#288 = AXIS2_PLACEMENT_3D ( 'NONE', #274, #860, #714 ) ;
#289 = CARTESIAN_POINT ( 'NONE',  ( -1.136145413084414635, 3.280874038703835982, -1.566803143429322587 ) ) ;
#290 = DIRECTION ( 'NONE',  ( 1.000000000000000000, -0.000000000000000000, 0.000000000000000000 ) ) ;
#291 = VERTEX_POINT ( 'NONE', #1419 ) ;
#292 = DIRECTION ( 'NONE',  ( 0.000000000000000000, 0.000000000000000000, 1.000000000000000000 ) ) ;
#293 = VERTEX_POINT ( 'NONE', #1893 ) ;
#294 = CYLINDRICAL_SURFACE ( 'NONE', #1606, 0.2550000000000000044 ) ;
#295 = AXIS2_PLACEMENT_3D ( 'NONE', #1273, #1705, #1130 ) ;
#296 = ORIENTED_EDGE ( 'NONE', *, *, #1869, .T. ) ;
#297 = DIRECTION ( 'NONE',  ( 0.9154160183684295626, 0.4025090226497925472, 0.000000000000000000 ) ) ;
#298 = ORIENTED_EDGE ( 'NONE', *, *, #1058, .F. ) ;
#299 = LINE ( 'NONE', #1235, #899 ) ;
#300 = EDGE_CURVE ( 'NONE', #952, #291, #839, .T. ) ;
#301 = ORIENTED_EDGE ( 'NONE', *, *, #875, .T. ) ;
#302 = ORIENTED_EDGE ( 'NONE', *, *, #13, .F. ) ;
#303 = ORIENTED_EDGE ( 'NONE', *, *, #50, .T. ) ;
#304 = CYLINDRICAL_SURFACE ( 'NONE', #661, 1.014999999999999902 ) ;
#305 = DIRECTION ( 'NONE',  ( 1.000000000000000000, 0.000000000000000000, 0.000000000000000000 ) ) ;
#306 = ADVANCED_FACE ( 'NONE', ( #1432 ), #150, .T. ) ;
#307 = CARTESIAN_POINT ( 'NONE',  ( 1.525000000000000355, -2.176941369951209598E-17, -3.122849337825750543E-17 ) ) ;
#308 = EDGE_LOOP ( 'NONE', ( #991, #854, #179, #1653 ) ) ;
#309 = CARTESIAN_POINT ( 'NONE',  ( -1.525000000000001021, 6.824999999999999289, -1.590000000000000080 ) ) ;
#310 = SURFACE_STYLE_USAGE ( .BOTH. , #476 ) ;
#311 = ORIENTED_EDGE ( 'NONE', *, *, #1452, .T. ) ;
#312 = LINE ( 'NONE', #1633, #944 ) ;
#313 = AXIS2_PLACEMENT_3D ( 'NONE', #1579, #1735, #53 ) ;
#314 = VERTEX_POINT ( 'NONE', #1722 ) ;
#315 = DIRECTION ( 'NONE',  ( -1.068179480281285148E-15, 0.000000000000000000, 1.000000000000000000 ) ) ;
#316 = ORIENTED_EDGE ( 'NONE', *, *, #1646, .F. ) ;
#317 = AXIS2_PLACEMENT_3D ( 'NONE', #1285, #106, #659 ) ;
#318 = ORIENTED_EDGE ( 'NONE', *, *, #525, .F. ) ;
#319 = ORIENTED_EDGE ( 'NONE', *, *, #170, .T. ) ;
#320 = EDGE_LOOP ( 'NONE', ( #894, #1663, #1008, #1654, #1539 ) ) ;
#321 = UNCERTAINTY_MEASURE_WITH_UNIT (LENGTH_MEASURE( 1.000000000000000082E-05 ), #60, 'distance_accuracy_value', 'NONE');
#322 = CARTESIAN_POINT ( 'NONE',  ( -0.5075000000000002842, 2.817499999999999449, -0.5749999999999989564 ) ) ;
#323 = DIRECTION ( 'NONE',  ( 7.878865183728417605E-16, -2.029707655199070459E-16, -1.000000000000000000 ) ) ;
#324 = VERTEX_POINT ( 'NONE', #706 ) ;
#325 = AXIS2_PLACEMENT_3D ( 'NONE', #1048, #1189, #39 ) ;
#326 = ORIENTED_EDGE ( 'NONE', *, *, #850, .F. ) ;
#327 = ADVANCED_FACE ( 'NONE', ( #1185 ), #508, .T. ) ;
#328 = DIRECTION ( 'NONE',  ( 1.000000000000000000, -0.000000000000000000, 0.000000000000000000 ) ) ;
#329 = VERTEX_POINT ( 'NONE', #1851 ) ;
#330 =( NAMED_UNIT ( * ) PLANE_ANGLE_UNIT ( ) SI_UNIT ( $, .RADIAN. ) );
#331 = EDGE_CURVE ( 'NONE', #1491, #1694, #1603, .T. ) ;
#332 = EDGE_LOOP ( 'NONE', ( #339, #965, #1679, #298 ) ) ;
#333 =( REPRESENTATION_RELATIONSHIP ('NONE','NONE', #776, #747 ) REPRESENTATION_RELATIONSHIP_WITH_TRANSFORMATION ( #1107 )SHAPE_REPRESENTATION_RELATIONSHIP( ) );
#334 = ORIENTED_EDGE ( 'NONE', *, *, #1344, .F. ) ;
#335 = ORIENTED_EDGE ( 'NONE', *, *, #241, .F. ) ;
#336 = DIRECTION ( 'NONE',  ( 0.000000000000000000, 0.000000000000000000, 1.000000000000000000 ) ) ;
#337 = VERTEX_POINT ( 'NONE', #1021 ) ;
#338 =( BOUNDED_SURFACE ( )  B_SPLINE_SURFACE ( 3, 2, ( 
 ( #373, #43, #1233 ),
 ( #943, #1361, #506 ),
 ( #621, #52, #1518 ),
 ( #1384, #655, #911 ),
 ( #1093, #1073, #1531 ),
 ( #387, #197, #1081 ),
 ( #1708, #1698, #33 ),
 ( #1218, #1829, #668 ),
 ( #1265, #960, #58 ),
 ( #1814, #1393, #1547 ),
 ( #756, #1848, #156 ),
 ( #1801, #774, #1720 ) ),
 .UNSPECIFIED., .F., .F., .F. ) 
 B_SPLINE_SURFACE_WITH_KNOTS ( ( 4, 2, 2, 2, 2, 4 ),
 ( 3, 3 ),
 ( 0.000000000000000000, 0.0002047481695082448551, 0.0003071222542623672962, 0.0004094963390164897102, 0.0006142445085247345924, 0.0008189926780329794204 ),
 ( 0.000000000000000000, 1.000000000000000000 ),
 .UNSPECIFIED. ) 
 GEOMETRIC_REPRESENTATION_ITEM ( )  RATIONAL_B_SPLINE_SURFACE ( (
 ( 1.000000000000000000, 0.8099421215430214760, 1.000000000000000000),
 ( 1.000000000000000000, 0.8093771051200663313, 1.000000000000000000),
 ( 1.000000000000000000, 0.8274759051469957605, 1.000000000000000000),
 ( 1.000000000000000000, 0.8631689165586574619, 1.000000000000000000),
 ( 1.000000000000000000, 0.8765243711552037631, 1.000000000000000000),
 ( 1.000000000000000000, 0.9027657054354305544, 1.000000000000000000),
 ( 1.000000000000000000, 0.9155892743696152358, 1.000000000000000000),
 ( 1.000000000000000000, 0.9511111969373307051, 1.000000000000000000),
 ( 1.000000000000000000, 0.9699516876407353605, 1.000000000000000000),
 ( 1.000000000000000000, 0.9944622783415254519, 1.000000000000000000),
 ( 1.000000000000000000, 0.9999759298141821517, 1.000000000000000000),
 ( 1.000000000000000000, 1.000000000000000000, 1.000000000000000000) ) ) 
 REPRESENTATION_ITEM ( '' )  SURFACE ( )  );
#339 = ORIENTED_EDGE ( 'NONE', *, *, #495, .F. ) ;
#340 = ORIENTED_EDGE ( 'NONE', *, *, #1406, .T. ) ;
#341 = CARTESIAN_POINT ( 'NONE',  ( -0.9403122475105113454, 3.108005182600433791, -1.465896027348235764 ) ) ;
#342 = DIRECTION ( 'NONE',  ( -1.000000000000000000, -0.000000000000000000, 0.000000000000000000 ) ) ;
#343 = ORIENTED_EDGE ( 'NONE', *, *, #1288, .F. ) ;
#344 = EDGE_LOOP ( 'NONE', ( #1031, #841, #1915, #1700 ) ) ;
#345 = CARTESIAN_POINT ( 'NONE',  ( 1.269999999999999574, 2.449999999999999734, 0.000000000000000000 ) ) ;
#346 = VERTEX_POINT ( 'NONE', #1153 ) ;
#347 = EDGE_LOOP ( 'NONE', ( #1846, #1123, #1899, #1118 ) ) ;
#348 = CARTESIAN_POINT ( 'NONE',  ( -1.848971734561334568, 2.000000000000000000, 0.000000000000000000 ) ) ;
#349 = AXIS2_PLACEMENT_3D ( 'NONE', #591, #44, #1375 ) ;
#350 = ADVANCED_FACE ( 'NONE', ( #1162 ), #1807, .T. ) ;
#351 = ORIENTED_EDGE ( 'NONE', *, *, #1110, .T. ) ;
#352 = DIRECTION ( 'NONE',  ( -0.000000000000000000, -1.000000000000000000, -0.000000000000000000 ) ) ;
#353 = ORIENTED_EDGE ( 'NONE', *, *, #13, .T. ) ;
#354 = AXIS2_PLACEMENT_3D ( 'NONE', #1636, #102, #1905 ) ;
#355 = ORIENTED_EDGE ( 'NONE', *, *, #461, .F. ) ;
#356 = ORIENTED_EDGE ( 'NONE', *, *, #1387, .T. ) ;
#357 = AXIS2_PLACEMENT_3D ( 'NONE', #638, #1818, #459 ) ;
#358 = CARTESIAN_POINT ( 'NONE',  ( -1.015000000000000346, 2.984166666666666412, 0.5750000000000000666 ) ) ;
#359 = ORIENTED_EDGE ( 'NONE', *, *, #1587, .T. ) ;
#360 = EDGE_CURVE ( 'NONE', #1226, #337, #1821, .T. ) ;
#361 = DIRECTION ( 'NONE',  ( 0.000000000000000000, 0.000000000000000000, 1.000000000000000000 ) ) ;
#362 = ORIENTED_EDGE ( 'NONE', *, *, #1746, .F. ) ;
#363 = DIRECTION ( 'NONE',  ( 0.000000000000000000, -1.000000000000000000, 0.000000000000000000 ) ) ;
#364 = DIRECTION ( 'NONE',  ( 0.000000000000000000, 0.000000000000000000, 1.000000000000000000 ) ) ;
#365 = ORIENTED_EDGE ( 'NONE', *, *, #651, .F. ) ;
#366 = CARTESIAN_POINT ( 'NONE',  ( 1.182832750097316588, 2.978048587594848584, 1.474569606546710432 ) ) ;
#367 = VERTEX_POINT ( 'NONE', #1292 ) ;
#368 = ORIENTED_EDGE ( 'NONE', *, *, #1212, .T. ) ;
#369 = CARTESIAN_POINT ( 'NONE',  ( -0.6281898348092951334, 2.450000221624941243, -0.7620051628832542612 ) ) ;
#370 = ORIENTED_EDGE ( 'NONE', *, *, #1236, .F. ) ;
#371 = DIRECTION ( 'NONE',  ( -1.000000000000000000, 0.000000000000000000, 0.000000000000000000 ) ) ;
#372 = VERTEX_POINT ( 'NONE', #1712 ) ;
#373 = CARTESIAN_POINT ( 'NONE',  ( -0.5074999999999999512, 2.817500000000000338, 0.5750000000000001776 ) ) ;
#374 = EDGE_LOOP ( 'NONE', ( #1768, #604, #539, #564 ) ) ;
#375 =( NAMED_UNIT ( * ) SI_UNIT ( $, .STERADIAN. ) SOLID_ANGLE_UNIT ( ) );
#376 = MECHANICAL_DESIGN_GEOMETRIC_PRESENTATION_REPRESENTATION (  '', ( #1755 ), #489 ) ;
#377 = DIRECTION ( 'NONE',  ( 0.9154160183684295626, -0.4025090226497926582, 0.000000000000000000 ) ) ;
#378 = EDGE_LOOP ( 'NONE', ( #1278, #276, #1526, #1269 ) ) ;
#379 = ADVANCED_FACE ( 'NONE', ( #1828 ), #524, .T. ) ;
#380 = DIRECTION ( 'NONE',  ( 0.000000000000000000, -0.000000000000000000, -1.000000000000000000 ) ) ;
#381 = ORIENTED_EDGE ( 'NONE', *, *, #1186, .F. ) ;
#382 = AXIS2_PLACEMENT_3D ( 'NONE', #147, #47, #950 ) ;
#383 = PLANE ( 'NONE',  #1225 ) ;
#384 = ORIENTED_EDGE ( 'NONE', *, *, #768, .F. ) ;
#385 = EDGE_CURVE ( 'NONE', #808, #346, #1168, .T. ) ;
#386 = EDGE_CURVE ( 'NONE', #1857, #902, #521, .T. ) ;
#387 = CARTESIAN_POINT ( 'NONE',  ( -0.7094088226282627696, 2.938350511022090661, 1.223465798671628191 ) ) ;
#388 = EDGE_LOOP ( 'NONE', ( #861, #340, #1626, #907 ) ) ;
#389 = DIRECTION ( 'NONE',  ( 0.000000000000000000, -1.000000000000000000, 0.000000000000000000 ) ) ;
#390 = CARTESIAN_POINT ( 'NONE',  ( 2.540000000000000036, 3.465000000000000302, -0.5749999999999992895 ) ) ;
#391 = CARTESIAN_POINT ( 'NONE',  ( -1.059684764716200878, 2.582686985301520632, -1.094430153526917859 ) ) ;
#392 = VERTEX_POINT ( 'NONE', #673 ) ;
#393 = CARTESIAN_POINT ( 'NONE',  ( 0.000000000000000000, 7.839999999999999858, 0.5750000000000001776 ) ) ;
#394 = ORIENTED_EDGE ( 'NONE', *, *, #1646, .T. ) ;
#395 = ADVANCED_FACE ( 'NONE', ( #1825 ), #1553, .T. ) ;
#396 = CARTESIAN_POINT ( 'NONE',  ( -1.015000000000000346, 2.449999999999999289, -0.5749999999999999556 ) ) ;
#397 = CARTESIAN_POINT ( 'NONE',  ( 1.269999999999999574, 2.449999999999999734, 0.000000000000000000 ) ) ;
#398 = ORIENTED_EDGE ( 'NONE', *, *, #1325, .T. ) ;
#399 = CARTESIAN_POINT ( 'NONE',  ( -1.249183687641031604, 3.204790956647079803, 1.589999999999999858 ) ) ;
#400 = ORIENTED_EDGE ( 'NONE', *, *, #1186, .T. ) ;
#401 = AXIS2_PLACEMENT_3D ( 'NONE', #1280, #717, #727 ) ;
#402 = DIRECTION ( 'NONE',  ( 0.000000000000000000, 0.000000000000000000, 1.000000000000000000 ) ) ;
#403 = CARTESIAN_POINT ( 'NONE',  ( 1.015000000000000346, 2.449999999999999289, -0.5749999999999999556 ) ) ;
#404 = ORIENTED_EDGE ( 'NONE', *, *, #269, .F. ) ;
#405 = SURFACE_SIDE_STYLE ('',( #1410 ) ) ;
#406 = AXIS2_PLACEMENT_3D ( 'NONE', #1109, #1097, #814 ) ;
#407 = LINE ( 'NONE', #1680, #1075 ) ;
#408 = ORIENTED_EDGE ( 'NONE', *, *, #1152, .F. ) ;
#409 = CARTESIAN_POINT ( 'NONE',  ( -1.525000000000000133, 2.449999999999999734, 1.590000000000000080 ) ) ;
#410 = CIRCLE ( 'NONE', #472, 0.5341666666666666785 ) ;
#411 = EDGE_CURVE ( 'NONE', #942, #324, #1055, .T. ) ;
#412 = DIRECTION ( 'NONE',  ( -0.000000000000000000, -1.000000000000000000, -0.000000000000000000 ) ) ;
#413 = EDGE_LOOP ( 'NONE', ( #478, #964, #484, #1805 ) ) ;
#414 = ADVANCED_FACE ( 'NONE', ( #1699 ), #1059, .T. ) ;
#415 = CARTESIAN_POINT ( 'NONE',  ( -1.015000000000000124, 2.449999999999999734, 1.590000000000000080 ) ) ;
#416 = B_SPLINE_CURVE_WITH_KNOTS ( 'NONE', 3,
 ( #559, #1191, #107, #1914, #574, #255, #882, #1786, #1331, #433 ),
 .UNSPECIFIED., .F., .F.,
 ( 4, 2, 2, 2, 4 ),
 ( -6.697961313148399142E-06, 0.0003938681495561029253, 0.0007944342604253542455, 0.001195000371294605620, 0.001595566482163856452 ),
 .UNSPECIFIED. ) ;
#417 = ORIENTED_EDGE ( 'NONE', *, *, #1869, .F. ) ;
#418 = CARTESIAN_POINT ( 'NONE',  ( 0.5323331890646948450, 2.830137751168143811, -0.8452591042128202448 ) ) ;
#419 = CARTESIAN_POINT ( 'NONE',  ( -1.525000000000000133, 3.465000000000000302, -0.5750000000000001776 ) ) ;
#420 = DIRECTION ( 'NONE',  ( 0.4025090226497925472, -0.9154160183684295626, 0.000000000000000000 ) ) ;
#421 = CARTESIAN_POINT ( 'NONE',  ( -1.317971926863391374, 3.464999999999999414, -1.590000000000000080 ) ) ;
#422 = DIRECTION ( 'NONE',  ( 0.000000000000000000, 1.000000000000000000, 0.000000000000000000 ) ) ;
#423 = AXIS2_PLACEMENT_3D ( 'NONE', #688, #551, #1745 ) ;
#424 = SURFACE_SIDE_STYLE ('',( #1180 ) ) ;
#425 = DIRECTION ( 'NONE',  ( 0.000000000000000000, -0.000000000000000000, -1.000000000000000000 ) ) ;
#426 = DIRECTION ( 'NONE',  ( 0.000000000000000000, 0.000000000000000000, 1.000000000000000000 ) ) ;
#427 = AXIS2_PLACEMENT_3D ( 'NONE', #1137, #849, #1456 ) ;
#428 = CARTESIAN_POINT ( 'NONE',  ( 1.848971734561334568, 2.000000000000000000, 0.000000000000000000 ) ) ;
#429 = VECTOR ( 'NONE', #1169, 1000.000000000000000 ) ;
#430 = CARTESIAN_POINT ( 'NONE',  ( 1.974476923076923240, 0.6801846153846153875, 0.000000000000000000 ) ) ;
#431 = PLANE ( 'NONE',  #1444 ) ;
#432 = AXIS2_PLACEMENT_3D ( 'NONE', #1253, #1389, #1777 ) ;
#433 = CARTESIAN_POINT ( 'NONE',  ( 0.5075000000000002842, 2.817499999999999449, 0.5750000000000010658 ) ) ;
#434 = DIRECTION ( 'NONE',  ( 0.000000000000000000, 0.000000000000000000, 1.000000000000000000 ) ) ;
#435 = SPHERICAL_SURFACE ( 'NONE', #325, 1.014999999999999902 ) ;
#436 = CARTESIAN_POINT ( 'NONE',  ( -1.525000000000000133, 2.449999999999999734, -0.5749999999999992895 ) ) ;
#437 = CARTESIAN_POINT ( 'NONE',  ( -1.015000000000000124, 2.984166666666666856, -0.5750000000000001776 ) ) ;
#438 = CARTESIAN_POINT ( 'NONE',  ( 1.269999999999999574, 2.449999999999999734, 0.000000000000000000 ) ) ;
#439 = DIRECTION ( 'NONE',  ( 0.9154160183684295626, -0.4025090226497925472, -0.000000000000000000 ) ) ;
#440 = CARTESIAN_POINT ( 'NONE',  ( -0.8658128564571473396, 3.049462758030467846, -1.406801264968063681 ) ) ;
#441 = CARTESIAN_POINT ( 'NONE',  ( 1.525000000000000577, 6.825000000000000178, -0.5750000000000001776 ) ) ;
#442 = DIRECTION ( 'NONE',  ( 0.000000000000000000, 0.000000000000000000, -1.000000000000000000 ) ) ;
#443 = AXIS2_PLACEMENT_3D ( 'NONE', #464, #1508, #1813 ) ;
#444 = DIRECTION ( 'NONE',  ( 0.000000000000000000, 0.000000000000000000, 1.000000000000000000 ) ) ;
#445 = EDGE_CURVE ( 'NONE', #1582, #1248, #1061, .T. ) ;
#446 = DIRECTION ( 'NONE',  ( 0.000000000000000000, -1.000000000000000000, 0.000000000000000000 ) ) ;
#447 = EDGE_CURVE ( 'NONE', #1221, #1582, #1724, .T. ) ;
#448 = EDGE_CURVE ( 'NONE', #1450, #248, #407, .T. ) ;
#449 = CARTESIAN_POINT ( 'NONE',  ( -1.129993336237680834, 3.274872246957232669, 1.565377035357968349 ) ) ;
#450 = DIRECTION ( 'NONE',  ( -1.000000000000000000, 0.000000000000000000, 0.000000000000000000 ) ) ;
#451 = CARTESIAN_POINT ( 'NONE',  ( -1.269999999999999574, 2.449999999999999734, -0.2550000000000000044 ) ) ;
#452 = CARTESIAN_POINT ( 'NONE',  ( -1.525000000000000577, 6.824999999999999289, 0.5750000000000001776 ) ) ;
#453 = CARTESIAN_POINT ( 'NONE',  ( 0.7094088226282627696, 2.938350511022090661, 1.223465798671628191 ) ) ;
#454 = DIRECTION ( 'NONE',  ( -0.9993846153846154268, -0.03507692307692317907, 0.000000000000000000 ) ) ;
#455 = AXIS2_PLACEMENT_3D ( 'NONE', #1157, #115, #268 ) ;
#456 = CARTESIAN_POINT ( 'NONE',  ( -1.950603448275862295, 0.000000000000000000, 0.000000000000000000 ) ) ;
#457 = DIRECTION ( 'NONE',  ( -1.000000000000000000, 0.000000000000000000, 0.000000000000000000 ) ) ;
#458 = EDGE_CURVE ( 'NONE', #1694, #1155, #410, .T. ) ;
#459 = DIRECTION ( 'NONE',  ( -1.000000000000000000, 8.537024980200821325E-17, 0.000000000000000000 ) ) ;
#460 = CARTESIAN_POINT ( 'NONE',  ( 1.015000047733299215, 2.450000000000000178, 0.7197613672478789804 ) ) ;
#461 = EDGE_CURVE ( 'NONE', #1491, #931, #1719, .T. ) ;
#462 = ADVANCED_FACE ( 'NONE', ( #1068 ), #435, .T. ) ;
#463 = DIRECTION ( 'NONE',  ( -1.000000000000000000, 0.000000000000000000, 0.000000000000000000 ) ) ;
#464 = CARTESIAN_POINT ( 'NONE',  ( 1.269999999999999796, -5.000000000000000000, 0.000000000000000000 ) ) ;
#465 = DIRECTION ( 'NONE',  ( -0.000000000000000000, 0.000000000000000000, 1.000000000000000000 ) ) ;
#466 = DIRECTION ( 'NONE',  ( 0.000000000000000000, -0.000000000000000000, -1.000000000000000000 ) ) ;
#467 =( NAMED_UNIT ( * ) SI_UNIT ( $, .STERADIAN. ) SOLID_ANGLE_UNIT ( ) );
#468 = DIRECTION ( 'NONE',  ( -1.000000000000000000, -8.398338506611761537E-16, 0.000000000000000000 ) ) ;
#469 = AXIS2_PLACEMENT_3D ( 'NONE', #97, #1713, #62 ) ;
#470 = VECTOR ( 'NONE', #1243, 1000.000000000000000 ) ;
#471 = DIRECTION ( 'NONE',  ( 0.000000000000000000, 0.000000000000000000, 1.000000000000000000 ) ) ;
#472 = AXIS2_PLACEMENT_3D ( 'NONE', #437, #315, #127 ) ;
#473 = DIRECTION ( 'NONE',  ( 0.000000000000000000, -0.000000000000000000, -1.000000000000000000 ) ) ;
#474 = CARTESIAN_POINT ( 'NONE',  ( 1.525000000000000133, 3.465000000000000302, -0.5750000000000001776 ) ) ;
#475 = SHAPE_REPRESENTATION_RELATIONSHIP ( 'NONE' , 'NONE' ,  #747, #1020 ) ;
#476 = SURFACE_SIDE_STYLE ('',( #37 ) ) ;
#477 = EDGE_CURVE ( 'NONE', #952, #372, #529, .T. ) ;
#478 = ORIENTED_EDGE ( 'NONE', *, *, #411, .F. ) ;
#479 = ORIENTED_EDGE ( 'NONE', *, *, #124, .T. ) ;
#480 = CARTESIAN_POINT ( 'NONE',  ( 1.270000000000000462, 0.000000000000000000, 0.000000000000000000 ) ) ;
#481 = EDGE_LOOP ( 'NONE', ( #1548, #202, #970, #210 ) ) ;
#482 = FACE_OUTER_BOUND ( 'NONE', #817, .T. ) ;
#483 = CARTESIAN_POINT ( 'NONE',  ( 2.540000000000000480, 6.824999999999999289, 0.5750000000000006217 ) ) ;
#484 = ORIENTED_EDGE ( 'NONE', *, *, #978, .T. ) ;
#485 = ORIENTED_EDGE ( 'NONE', *, *, #1472, .F. ) ;
#486 = DIRECTION ( 'NONE',  ( 0.000000000000000000, -1.000000000000000000, 0.000000000000000000 ) ) ;
#487 = ORIENTED_EDGE ( 'NONE', *, *, #1403, .T. ) ;
#488 = DIRECTION ( 'NONE',  ( 0.000000000000000000, -0.000000000000000000, -1.000000000000000000 ) ) ;
#489 =( GEOMETRIC_REPRESENTATION_CONTEXT ( 3 ) GLOBAL_UNCERTAINTY_ASSIGNED_CONTEXT ( ( #321 ) ) GLOBAL_UNIT_ASSIGNED_CONTEXT ( ( #60, #1589, #833 ) ) REPRESENTATION_CONTEXT ( 'NONE', 'WORKASPACE' ) );
#490 = ORIENTED_EDGE ( 'NONE', *, *, #875, .F. ) ;
#491 = CARTESIAN_POINT ( 'NONE',  ( -0.5074999927280309242, 2.817500022143145433, -0.7197613655387120613 ) ) ;
#492 = AXIS2_PLACEMENT_3D ( 'NONE', #951, #977, #225 ) ;
#493 = VERTEX_POINT ( 'NONE', #1228 ) ;
#494 = CARTESIAN_POINT ( 'NONE',  ( -1.525000000000000133, 3.465000000000000302, 0.5750000000000003997 ) ) ;
#495 = EDGE_CURVE ( 'NONE', #346, #1676, #1521, .T. ) ;
#496 = ORIENTED_EDGE ( 'NONE', *, *, #957, .T. ) ;
#497 = CARTESIAN_POINT ( 'NONE',  ( 1.129993336237682167, 3.274872246957231336, -1.565377035357968571 ) ) ;
#498 = ADVANCED_FACE ( 'NONE', ( #812 ), #611, .T. ) ;
#499 = EDGE_CURVE ( 'NONE', #1576, #293, #656, .T. ) ;
#500 = EDGE_LOOP ( 'NONE', ( #1572, #1896, #1798, #612 ) ) ;
#501 = CARTESIAN_POINT ( 'NONE',  ( -1.173682310457601963, 2.943707942625479745, -1.485360686878315351 ) ) ;
#502 = DIRECTION ( 'NONE',  ( 0.000000000000000000, 0.000000000000000000, 1.000000000000000000 ) ) ;
#503 = VECTOR ( 'NONE', #1875, 1000.000000000000227 ) ;
#504 = CARTESIAN_POINT ( 'NONE',  ( -1.269999999999999574, 2.000000000000000000, 0.000000000000000000 ) ) ;
#505 = EDGE_LOOP ( 'NONE', ( #1604, #1593 ) ) ;
#506 = CARTESIAN_POINT ( 'NONE',  ( -1.015000047733299215, 2.450000000000000178, 0.7197613672478789804 ) ) ;
#507 = ORIENTED_EDGE ( 'NONE', *, *, #1865, .F. ) ;
#508 = SPHERICAL_SURFACE ( 'NONE', #1728, 1.014999999999999902 ) ;
#509 = CARTESIAN_POINT ( 'NONE',  ( 0.8497696737019012625, 3.037161279036305395, -1.392693478167060128 ) ) ;
#510 = PRODUCT_DEFINITION_FORMATION_WITH_SPECIFIED_SOURCE ( 'ANY', '', #1255, .NOT_KNOWN. ) ;
#511 = DIRECTION ( 'NONE',  ( 0.000000000000000000, -0.000000000000000000, -1.000000000000000000 ) ) ;
#512 = CARTESIAN_POINT ( 'NONE',  ( -1.525000000000000577, 6.825000000000000178, 1.590000000000000080 ) ) ;
#513 = ORIENTED_EDGE ( 'NONE', *, *, #411, .T. ) ;
#514 = VERTEX_POINT ( 'NONE', #1401 ) ;
#515 = AXIS2_PLACEMENT_3D ( 'NONE', #1598, #871, #1466 ) ;
#516 = ORIENTED_EDGE ( 'NONE', *, *, #823, .T. ) ;
#517 = CARTESIAN_POINT ( 'NONE',  ( -0.5075000000000001732, 2.817499999999999893, -0.5749999999999999556 ) ) ;
#518 = EDGE_LOOP ( 'NONE', ( #1272, #356, #533, #1190 ) ) ;
#519 = DIRECTION ( 'NONE',  ( 0.000000000000000000, 1.000000000000000000, 0.000000000000000000 ) ) ;
#520 = EDGE_CURVE ( 'NONE', #194, #1127, #1923, .T. ) ;
#521 = LINE ( 'NONE', #105, #1174 ) ;
#522 = EDGE_CURVE ( 'NONE', #831, #1822, #654, .T. ) ;
#523 = CARTESIAN_POINT ( 'NONE',  ( -1.173682310457601519, 2.943707942625480634, 1.485360686878315351 ) ) ;
#524 = CYLINDRICAL_SURFACE ( 'NONE', #918, 1.015000000000000124 ) ;
#525 = EDGE_CURVE ( 'NONE', #270, #1578, #1312, .T. ) ;
#526 = SURFACE_STYLE_USAGE ( .BOTH. , #681 ) ;
#527 = ORIENTED_EDGE ( 'NONE', *, *, #792, .F. ) ;
#528 = CARTESIAN_POINT ( 'NONE',  ( 0.5074999927280309242, 2.817500022143145433, -0.7197613655387120613 ) ) ;
#529 = CIRCLE ( 'NONE', #819, 1.549166666666666581 ) ;
#530 = DIRECTION ( 'NONE',  ( 0.000000000000000000, -1.000000000000000000, 0.000000000000000000 ) ) ;
#531 = PRESENTATION_STYLE_ASSIGNMENT (( #1884 ) ) ;
#532 = EDGE_LOOP ( 'NONE', ( #1145, #1524, #1881 ) ) ;
#533 = ORIENTED_EDGE ( 'NONE', *, *, #769, .F. ) ;
#534 = CARTESIAN_POINT ( 'NONE',  ( -0.7900424211600794999, 2.655695382246621161, -1.199737214343325142 ) ) ;
#535 = ORIENTED_EDGE ( 'NONE', *, *, #217, .F. ) ;
#536 = CARTESIAN_POINT ( 'NONE',  ( -1.848971734561334568, 2.000000000000000000, 0.000000000000000000 ) ) ;
#537 = ORIENTED_EDGE ( 'NONE', *, *, #1009, .F. ) ;
#538 = DIRECTION ( 'NONE',  ( 0.000000000000000000, 0.000000000000000000, 1.000000000000000000 ) ) ;
#539 = ORIENTED_EDGE ( 'NONE', *, *, #1761, .F. ) ;
#540 = PRESENTATION_LAYER_ASSIGNMENT (  '', '', ( #1755 ) ) ;
#541 =( LENGTH_UNIT ( ) NAMED_UNIT ( * ) SI_UNIT ( .MILLI., .METRE. ) );
#542 = EDGE_LOOP ( 'NONE', ( #1781, #398, #938, #281 ) ) ;
#543 = CARTESIAN_POINT ( 'NONE',  ( 1.985000000000000320, 0.9799999999999999822, 0.000000000000000000 ) ) ;
#544 = CARTESIAN_POINT ( 'NONE',  ( -2.208392507570634322, 1.488055890194478259, 3.122849337825751159E-17 ) ) ;
#545 = AXIS2_PLACEMENT_3D ( 'NONE', #870, #1206, #712 ) ;
#546 = EDGE_LOOP ( 'NONE', ( #1132, #1237, #1594, #302 ) ) ;
#547 = CARTESIAN_POINT ( 'NONE',  ( -1.317971926863394261, 3.465000000000000302, 1.590000000000000080 ) ) ;
#548 = DIRECTION ( 'NONE',  ( 0.000000000000000000, 0.000000000000000000, 1.000000000000000000 ) ) ;
#549 = EDGE_CURVE ( 'NONE', #324, #1857, #1256, .T. ) ;
#550 = ORIENTED_EDGE ( 'NONE', *, *, #823, .F. ) ;
#551 = DIRECTION ( 'NONE',  ( -0.000000000000000000, -0.000000000000000000, -1.000000000000000000 ) ) ;
#552 = DIRECTION ( 'NONE',  ( -0.000000000000000000, -0.000000000000000000, -1.000000000000000000 ) ) ;
#553 = VERTEX_POINT ( 'NONE', #1380 ) ;
#554 = CARTESIAN_POINT ( 'NONE',  ( 0.5075000000000000622, 2.817499999999999893, -0.7109343704867485680 ) ) ;
#555 = ORIENTED_EDGE ( 'NONE', *, *, #1746, .T. ) ;
#556 = CARTESIAN_POINT ( 'NONE',  ( 1.615930387541195890, 1.470000000000000195, 0.000000000000000000 ) ) ;
#557 = CARTESIAN_POINT ( 'NONE',  ( 1.015000000000000124, 3.465000000000000302, 1.590000000000000080 ) ) ;
#558 = EDGE_LOOP ( 'NONE', ( #1592, #362, #622, #1028 ) ) ;
#559 = CARTESIAN_POINT ( 'NONE',  ( 1.317971926863394261, 3.465000000000000302, 1.590000000000000080 ) ) ;
#560 = CARTESIAN_POINT ( 'NONE',  ( -1.269999999999999574, 2.000000000000000000, 0.000000000000000000 ) ) ;
#561 = ORIENTED_EDGE ( 'NONE', *, *, #89, .F. ) ;
#562 = DIRECTION ( 'NONE',  ( 0.000000000000000000, 0.000000000000000000, 1.000000000000000000 ) ) ;
#563 = CARTESIAN_POINT ( 'NONE',  ( -1.525000000000000577, 6.824999999999999289, -0.5750000000000001776 ) ) ;
#564 = ORIENTED_EDGE ( 'NONE', *, *, #1672, .F. ) ;
#565 = AXIS2_PLACEMENT_3D ( 'NONE', #358, #323, #1858 ) ;
#566 =( BOUNDED_SURFACE ( )  B_SPLINE_SURFACE ( 3, 2, ( 
 ( #396, #56, #517 ),
 ( #193, #369, #491 ),
 ( #652, #676, #783 ),
 ( #956, #1577, #1734 ),
 ( #1880, #534, #895 ),
 ( #1451, #605, #1013 ),
 ( #1759, #1595, #1423 ),
 ( #1630, #723, #440 ),
 ( #1309, #1144, #1645 ),
 ( #128, #1319, #289 ),
 ( #1026, #842, #732 ),
 ( #421, #1338, #1478 ) ),
 .UNSPECIFIED., .F., .F., .F. ) 
 B_SPLINE_SURFACE_WITH_KNOTS ( ( 4, 2, 2, 2, 2, 4 ),
 ( 3, 3 ),
 ( 0.000000000000000000, 0.0002047481695082448822, 0.0003071222542623672962, 0.0004094963390164897644, 0.0006142445085247345924, 0.0008189926780329795288 ),
 ( 0.000000000000000000, 1.000000000000000000 ),
 .UNSPECIFIED. ) 
 GEOMETRIC_REPRESENTATION_ITEM ( )  RATIONAL_B_SPLINE_SURFACE ( (
 ( 1.000000000000000000, 0.8099421215430210319, 1.000000000000000000),
 ( 1.000000000000000000, 0.8093771051200585598, 1.000000000000000000),
 ( 1.000000000000000000, 0.8274759051470069737, 1.000000000000000000),
 ( 1.000000000000000000, 0.8631689165586515777, 1.000000000000000000),
 ( 1.000000000000000000, 0.8765243711552092032, 1.000000000000000000),
 ( 1.000000000000000000, 0.9027657054354244481, 1.000000000000000000),
 ( 1.000000000000000000, 0.9155892743696152358, 1.000000000000000000),
 ( 1.000000000000000000, 0.9511111969373307051, 1.000000000000000000),
 ( 1.000000000000000000, 0.9699516876407353605, 1.000000000000000000),
 ( 1.000000000000000000, 0.9944622783415254519, 1.000000000000000000),
 ( 1.000000000000000000, 0.9999759298141821517, 1.000000000000000000),
 ( 1.000000000000000000, 1.000000000000000000, 1.000000000000000000) ) ) 
 REPRESENTATION_ITEM ( '' )  SURFACE ( )  );
#567 = EDGE_LOOP ( 'NONE', ( #1113, #586, #878 ) ) ;
#568 = DIRECTION ( 'NONE',  ( 0.000000000000000000, 0.000000000000000000, 1.000000000000000000 ) ) ;
#569 = FACE_OUTER_BOUND ( 'NONE', #1873, .T. ) ;
#570 = AXIS2_PLACEMENT_3D ( 'NONE', #556, #377, #1447 ) ;
#571 = DIRECTION ( 'NONE',  ( -1.000000000000000000, 0.000000000000000000, 0.000000000000000000 ) ) ;
#572 = EDGE_LOOP ( 'NONE', ( #997, #1659, #829 ) ) ;
#573 = CYLINDRICAL_SURFACE ( 'NONE', #357, 0.2550000000000000044 ) ;
#574 = CARTESIAN_POINT ( 'NONE',  ( 0.8497696737019010405, 3.037161279036306283, 1.392693478167060572 ) ) ;
#575 = EDGE_CURVE ( 'NONE', #1849, #831, #1297, .T. ) ;
#576 = DIRECTION ( 'NONE',  ( 0.000000000000000000, 0.000000000000000000, 1.000000000000000000 ) ) ;
#577 = ORIENTED_EDGE ( 'NONE', *, *, #957, .F. ) ;
#578 = CARTESIAN_POINT ( 'NONE',  ( -1.014999999999999680, 2.000000000000000000, 0.000000000000000000 ) ) ;
#579 = LINE ( 'NONE', #765, #1242 ) ;
#580 = CARTESIAN_POINT ( 'NONE',  ( 1.524999999999999911, -5.000000000000000000, -3.122849337825750543E-17 ) ) ;
#581 = EDGE_LOOP ( 'NONE', ( #1817, #1520, #231, #1580 ) ) ;
#582 = CYLINDRICAL_SURFACE ( 'NONE', #789, 0.5341666666666666785 ) ;
#583 = ADVANCED_FACE ( 'NONE', ( #17 ), #1906, .T. ) ;
#584 = DIRECTION ( 'NONE',  ( -0.000000000000000000, -0.000000000000000000, -1.000000000000000000 ) ) ;
#585 = CIRCLE ( 'NONE', #730, 0.3239717345613351007 ) ;
#586 = ORIENTED_EDGE ( 'NONE', *, *, #1154, .F. ) ;
#587 = CARTESIAN_POINT ( 'NONE',  ( -0.6240587068445173635, 2.883322954603918742, 1.092760271765424340 ) ) ;
#588 = AXIS2_PLACEMENT_3D ( 'NONE', #118, #1839, #1024 ) ;
#589 = CARTESIAN_POINT ( 'NONE',  ( -1.985000000000000320, 0.9799999999999999822, 0.000000000000000000 ) ) ;
#590 = EDGE_LOOP ( 'NONE', ( #496, #550, #1257 ) ) ;
#591 = CARTESIAN_POINT ( 'NONE',  ( 1.950603448275862295, 0.000000000000000000, 0.000000000000000000 ) ) ;
#592 = LINE ( 'NONE', #1056, #1876 ) ;
#593 = AXIS2_PLACEMENT_3D ( 'NONE', #1878, #213, #963 ) ;
#594 = DIRECTION ( 'NONE',  ( 0.000000000000000000, -1.000000000000000000, 0.000000000000000000 ) ) ;
#595 = CARTESIAN_POINT ( 'NONE',  ( 1.066062291051197874, 2.602361941701989423, 1.114098094297780506 ) ) ;
#596 = ORIENTED_EDGE ( 'NONE', *, *, #1009, .T. ) ;
#597 = LINE ( 'NONE', #1702, #1883 ) ;
#598 = AXIS2_PLACEMENT_3D ( 'NONE', #1214, #740, #1756 ) ;
#599 = ORIENTED_EDGE ( 'NONE', *, *, #1695, .F. ) ;
#600 = DIRECTION ( 'NONE',  ( 0.000000000000000000, 0.000000000000000000, 1.000000000000000000 ) ) ;
#601 = ADVANCED_FACE ( 'NONE', ( #607 ), #31, .T. ) ;
#602 = VECTOR ( 'NONE', #1854, 1000.000000000000000 ) ;
#603 = EDGE_CURVE ( 'NONE', #1629, #1207, #10, .T. ) ;
#604 = ORIENTED_EDGE ( 'NONE', *, *, #264, .F. ) ;
#605 = CARTESIAN_POINT ( 'NONE',  ( -0.8571528524121115877, 2.745371188878719337, -1.301000130747151928 ) ) ;
#606 = DIRECTION ( 'NONE',  ( 1.000000000000000000, -0.000000000000000000, -0.000000000000000000 ) ) ;
#607 = FACE_OUTER_BOUND ( 'NONE', #921, .T. ) ;
#608 = EDGE_LOOP ( 'NONE', ( #888, #946, #1047, #513 ) ) ;
#609 = DIRECTION ( 'NONE',  ( -1.000000000000000000, 0.000000000000000000, 0.000000000000000000 ) ) ;
#610 = CARTESIAN_POINT ( 'NONE',  ( 1.525000000000000577, 7.839999999999999858, 1.590000000000000080 ) ) ;
#611 = CYLINDRICAL_SURFACE ( 'NONE', #192, 1.014999999999999902 ) ;
#612 = ORIENTED_EDGE ( 'NONE', *, *, #1128, .T. ) ;
#613 = CIRCLE ( 'NONE', #1149, 1.014999999999999902 ) ;
#614 = FACE_OUTER_BOUND ( 'NONE', #1217, .T. ) ;
#615 = ORIENTED_EDGE ( 'NONE', *, *, #772, .T. ) ;
#616 = CARTESIAN_POINT ( 'NONE',  ( 0.6690659505697148512, 2.500039379477277723, -0.9352124944257311778 ) ) ;
#617 = CIRCLE ( 'NONE', #545, 0.5549999999999990496 ) ;
#618 = ORIENTED_EDGE ( 'NONE', *, *, #34, .T. ) ;
#619 = CARTESIAN_POINT ( 'NONE',  ( -0.5075000000000002842, 2.817500000000000782, 0.7109343704867494562 ) ) ;
#620 = ADVANCED_FACE ( 'NONE', ( #629 ), #1263, .T. ) ;
#621 = CARTESIAN_POINT ( 'NONE',  ( -0.5366567088009579489, 2.832376858012838561, 0.8643497834641339361 ) ) ;
#622 = ORIENTED_EDGE ( 'NONE', *, *, #549, .T. ) ;
#623 = AXIS2_PLACEMENT_3D ( 'NONE', #589, #734, #1424 ) ;
#624 = CARTESIAN_POINT ( 'NONE',  ( 0.5074999999999999512, 2.817500000000000338, 0.5750000000000001776 ) ) ;
#625 = CIRCLE ( 'NONE', #1887, 0.2550000000000000044 ) ;
#626 = ORIENTED_EDGE ( 'NONE', *, *, #713, .F. ) ;
#627 = EDGE_CURVE ( 'NONE', #1276, #1232, #625, .T. ) ;
#628 =( NAMED_UNIT ( * ) PLANE_ANGLE_UNIT ( ) SI_UNIT ( $, .RADIAN. ) );
#629 = FACE_OUTER_BOUND ( 'NONE', #223, .T. ) ;
#630 = EDGE_CURVE ( 'NONE', #1622, #1797, #3, .T. ) ;
#631 = CARTESIAN_POINT ( 'NONE',  ( 0.000000000000000000, 2.650833333333333375, -1.590000000000000080 ) ) ;
#632 = EDGE_CURVE ( 'NONE', #884, #1576, #5, .T. ) ;
#633 = CARTESIAN_POINT ( 'NONE',  ( 1.974476923076923240, 0.6801846153846153875, 0.000000000000000000 ) ) ;
#634 = CARTESIAN_POINT ( 'NONE',  ( 2.540000000000000036, 3.465000000000000302, -0.5750000000000001776 ) ) ;
#635 = DIRECTION ( 'NONE',  ( -0.000000000000000000, -0.000000000000000000, -1.000000000000000000 ) ) ;
#636 = ADVANCED_FACE ( 'NONE', ( #1913 ), #1897, .T. ) ;
#637 =( BOUNDED_SURFACE ( )  B_SPLINE_SURFACE ( 3, 2, ( 
 ( #1678, #1652, #624 ),
 ( #460, #1354, #886 ),
 ( #915, #1666, #12 ),
 ( #1778, #148, #933 ),
 ( #595, #162, #1045 ),
 ( #1078, #1057, #453 ),
 ( #1804, #1224, #178 ),
 ( #1499, #1470, #1367 ),
 ( #366, #1514, #1198 ),
 ( #48, #766, #639 ),
 ( #1689, #750, #1819 ),
 ( #135, #1335, #1087 ) ),
 .UNSPECIFIED., .F., .F., .F. ) 
 B_SPLINE_SURFACE_WITH_KNOTS ( ( 4, 2, 2, 2, 2, 4 ),
 ( 3, 3 ),
 ( 0.000000000000000000, 0.0002047481695082448551, 0.0003071222542623672962, 0.0004094963390164897102, 0.0006142445085247345924, 0.0008189926780329794204 ),
 ( 0.000000000000000000, 1.000000000000000000 ),
 .UNSPECIFIED. ) 
 GEOMETRIC_REPRESENTATION_ITEM ( )  RATIONAL_B_SPLINE_SURFACE ( (
 ( 1.000000000000000000, 0.8099421215430214760, 1.000000000000000000),
 ( 1.000000000000000000, 0.8093771051200663313, 1.000000000000000000),
 ( 1.000000000000000000, 0.8274759051469957605, 1.000000000000000000),
 ( 1.000000000000000000, 0.8631689165586574619, 1.000000000000000000),
 ( 1.000000000000000000, 0.8765243711552037631, 1.000000000000000000),
 ( 1.000000000000000000, 0.9027657054354305544, 1.000000000000000000),
 ( 1.000000000000000000, 0.9155892743696152358, 1.000000000000000000),
 ( 1.000000000000000000, 0.9511111969373307051, 1.000000000000000000),
 ( 1.000000000000000000, 0.9699516876407353605, 1.000000000000000000),
 ( 1.000000000000000000, 0.9944622783415254519, 1.000000000000000000),
 ( 1.000000000000000000, 0.9999759298141821517, 1.000000000000000000),
 ( 1.000000000000000000, 1.000000000000000000, 1.000000000000000000) ) ) 
 REPRESENTATION_ITEM ( '' )  SURFACE ( )  );
#638 = CARTESIAN_POINT ( 'NONE',  ( 1.270000000000000240, 0.000000000000000000, 0.000000000000000000 ) ) ;
#639 = CARTESIAN_POINT ( 'NONE',  ( 1.136145413084427291, 3.280874038703835538, 1.566803143429326584 ) ) ;
#640 = VECTOR ( 'NONE', #216, 1000.000000000000000 ) ;
#641 = DIRECTION ( 'NONE',  ( 0.000000000000000000, 0.000000000000000000, 1.000000000000000000 ) ) ;
#642 = AXIS2_PLACEMENT_3D ( 'NONE', #244, #845, #1856 ) ;
#643 = CIRCLE ( 'NONE', #59, 0.2550000000000000044 ) ;
#644 = CARTESIAN_POINT ( 'NONE',  ( 1.525000000000000577, 6.824999999999999289, 0.5750000000000003997 ) ) ;
#645 = AXIS2_PLACEMENT_3D ( 'NONE', #803, #389, #82 ) ;
#646 = VECTOR ( 'NONE', #342, 1000.000000000000000 ) ;
#647 = DIRECTION ( 'NONE',  ( 0.000000000000000000, 0.000000000000000000, -1.000000000000000000 ) ) ;
#648 = PLANE ( 'NONE',  #432 ) ;
#649 = CARTESIAN_POINT ( 'NONE',  ( 1.525000000000000133, 3.464999999999999414, -0.5750000000000001776 ) ) ;
#650 = FACE_OUTER_BOUND ( 'NONE', #590, .T. ) ;
#651 = EDGE_CURVE ( 'NONE', #1172, #1860, #1247, .T. ) ;
#652 = CARTESIAN_POINT ( 'NONE',  ( -1.026183785389820580, 2.482265453211269346, -0.8643497810750357946 ) ) ;
#653 = CARTESIAN_POINT ( 'NONE',  ( -1.525000000000000133, 2.449999999999999734, 0.5750000000000006217 ) ) ;
#654 = LINE ( 'NONE', #1868, #1931 ) ;
#655 = CARTESIAN_POINT ( 'NONE',  ( -0.7573580019899589511, 2.613172181079121525, 1.140722001377334038 ) ) ;
#656 = LINE ( 'NONE', #1725, #1902 ) ;
#657 = DIRECTION ( 'NONE',  ( 1.000000000000000000, 0.000000000000000000, 0.000000000000000000 ) ) ;
#658 = DIRECTION ( 'NONE',  ( -1.290716872006553520E-16, 1.000000000000000000, -0.000000000000000000 ) ) ;
#659 = DIRECTION ( 'NONE',  ( 1.000000000000000000, 0.000000000000000000, 0.000000000000000000 ) ) ;
#660 = VECTOR ( 'NONE', #1561, 1000.000000000000000 ) ;
#661 = AXIS2_PLACEMENT_3D ( 'NONE', #9, #1512, #442 ) ;
#662 = CIRCLE ( 'NONE', #492, 1.015000000000000124 ) ;
#663 = CARTESIAN_POINT ( 'NONE',  ( -1.015000000000000346, 2.176941369951209598E-17, 0.000000000000000000 ) ) ;
#664 = AXIS2_PLACEMENT_3D ( 'NONE', #1757, #1928, #883 ) ;
#665 = DIRECTION ( 'NONE',  ( 0.000000000000000000, 1.000000000000000000, 0.000000000000000000 ) ) ;
#666 = FACE_OUTER_BOUND ( 'NONE', #347, .T. ) ;
#667 = AXIS2_PLACEMENT_3D ( 'NONE', #1842, #798, #76 ) ;
#668 = CARTESIAN_POINT ( 'NONE',  ( -1.150103826613646296, 2.868776499236308286, 1.406801269337962346 ) ) ;
#669 = CIRCLE ( 'NONE', #427, 0.2550000000000000044 ) ;
#670 = DIRECTION ( 'NONE',  ( 0.000000000000000000, 1.000000000000000000, 0.000000000000000000 ) ) ;
#671 = DIRECTION ( 'NONE',  ( 0.000000000000000000, 0.000000000000000000, 1.000000000000000000 ) ) ;
#672 = EDGE_CURVE ( 'NONE', #337, #245, #14, .T. ) ;
#673 = CARTESIAN_POINT ( 'NONE',  ( 1.965532307692308134, 0.4253415384615388817, 0.000000000000000000 ) ) ;
#674 = ADVANCED_FACE ( 'NONE', ( #26 ), #566, .T. ) ;
#675 = DIRECTION ( 'NONE',  ( 1.000000000000000000, 0.000000000000000000, 0.000000000000000000 ) ) ;
#676 = CARTESIAN_POINT ( 'NONE',  ( -0.6690659505697148512, 2.500039379477277723, -0.9352124944257388384 ) ) ;
#677 = PLANE ( 'NONE',  #1738 ) ;
#678 = FACE_OUTER_BOUND ( 'NONE', #796, .T. ) ;
#679 = DIRECTION ( 'NONE',  ( -1.000000000000000000, 0.000000000000000000, 0.000000000000000000 ) ) ;
#680 = FACE_OUTER_BOUND ( 'NONE', #1870, .T. ) ;
#681 = SURFACE_SIDE_STYLE ('',( #219 ) ) ;
#682 = AXIS2_PLACEMENT_3D ( 'NONE', #987, #1600, #1901 ) ;
#683 = CARTESIAN_POINT ( 'NONE',  ( -1.014999999999999902, 2.450000000000000178, -0.7119084630736169927 ) ) ;
#684 = DIRECTION ( 'NONE',  ( 0.000000000000000000, 0.000000000000000000, 1.000000000000000000 ) ) ;
#685 = AXIS2_PLACEMENT_3D ( 'NONE', #649, #779, #1571 ) ;
#686 = FACE_OUTER_BOUND ( 'NONE', #1831, .T. ) ;
#687 = DIRECTION ( 'NONE',  ( 1.000000000000000000, 0.000000000000000000, 0.000000000000000000 ) ) ;
#688 = CARTESIAN_POINT ( 'NONE',  ( -1.525000000000000577, 6.824999999999999289, 0.5750000000000003997 ) ) ;
#689 = AXIS2_PLACEMENT_3D ( 'NONE', #474, #1239, #1378 ) ;
#690 = EDGE_CURVE ( 'NONE', #1762, #293, #1895, .T. ) ;
#691 = DIRECTION ( 'NONE',  ( -1.000000000000000000, 0.000000000000000000, 0.000000000000000000 ) ) ;
#692 = FACE_OUTER_BOUND ( 'NONE', #939, .T. ) ;
#693 = EDGE_CURVE ( 'NONE', #952, #346, #416, .T. ) ;
#694 = CARTESIAN_POINT ( 'NONE',  ( 1.226003409205669525, 3.368200745229604554, -1.589999999999999636 ) ) ;
#695 = CARTESIAN_POINT ( 'NONE',  ( 1.525000000000000133, 3.465000000000000302, -1.590000000000000080 ) ) ;
#696 = DIRECTION ( 'NONE',  ( 0.000000000000000000, 1.000000000000000000, 0.000000000000000000 ) ) ;
#697 = SPHERICAL_SURFACE ( 'NONE', #1205, 1.014999999999999902 ) ;
#698 = PRESENTATION_STYLE_ASSIGNMENT (( #310 ) ) ;
#699 = CARTESIAN_POINT ( 'NONE',  ( -0.9403122475105115674, 3.108005182600436012, 1.465896027348235986 ) ) ;
#700 = DIRECTION ( 'NONE',  ( 1.000000000000000000, -0.000000000000000000, -0.000000000000000000 ) ) ;
#701 = FILL_AREA_STYLE ('',( #1656 ) ) ;
#702 = ADVANCED_FACE ( 'NONE', ( #614 ), #1283, .T. ) ;
#703 = FACE_OUTER_BOUND ( 'NONE', #1618, .T. ) ;
#704 = CARTESIAN_POINT ( 'NONE',  ( -1.059684764716200434, 2.582686985301521521, 1.094430153526917859 ) ) ;
#705 = AXIS2_PLACEMENT_3D ( 'NONE', #777, #1776, #1468 ) ;
#706 = CARTESIAN_POINT ( 'NONE',  ( -1.965532307692308134, 0.4253415384615388817, 0.000000000000000000 ) ) ;
#707 = DIRECTION ( 'NONE',  ( -1.000000000000000000, 0.000000000000000000, 0.000000000000000000 ) ) ;
#708 = LINE ( 'NONE', #221, #726 ) ;
#709 = AXIS2_PLACEMENT_3D ( 'NONE', #1736, #1766, #1888 ) ;
#710 = CARTESIAN_POINT ( 'NONE',  ( 2.105752706794937090, 1.254624805510528462, 0.000000000000000000 ) ) ;
#711 = LINE ( 'NONE', #415, #1329 ) ;
#712 = DIRECTION ( 'NONE',  ( 1.000000000000000000, 0.000000000000000000, 0.000000000000000000 ) ) ;
#713 = EDGE_CURVE ( 'NONE', #392, #1920, #617, .T. ) ;
#714 = DIRECTION ( 'NONE',  ( -1.000000000000000000, 0.000000000000000000, 0.000000000000000000 ) ) ;
#715 = FACE_OUTER_BOUND ( 'NONE', #1209, .T. ) ;
#716 = EDGE_CURVE ( 'NONE', #337, #1822, #1271, .T. ) ;
#717 = DIRECTION ( 'NONE',  ( -0.9154160183684295626, -0.4025090226497926582, 0.000000000000000000 ) ) ;
#718 = UNCERTAINTY_MEASURE_WITH_UNIT (LENGTH_MEASURE( 1.000000000000000082E-05 ), #541, 'distance_accuracy_value', 'NONE');
#719 = CARTESIAN_POINT ( 'NONE',  ( 0.5075000000000002842, 2.817499999999999449, 1.590000000000000080 ) ) ;
#720 = DIRECTION ( 'NONE',  ( 1.000000000000000000, 0.000000000000000000, 0.000000000000000000 ) ) ;
#721 = CYLINDRICAL_SURFACE ( 'NONE', #1912, 1.015000000000000568 ) ;
#722 = CIRCLE ( 'NONE', #1104, 0.2550000000000000044 ) ;
#723 = CARTESIAN_POINT ( 'NONE',  ( -0.9930514000798554841, 2.935493083818568216, -1.452952208383574195 ) ) ;
#724 = PLANE ( 'NONE',  #233 ) ;
#725 = CARTESIAN_POINT ( 'NONE',  ( -2.540000000000000036, 3.465000000000000302, 1.590000000000000080 ) ) ;
#726 = VECTOR ( 'NONE', #94, 1000.000000000000000 ) ;
#727 = DIRECTION ( 'NONE',  ( 0.4025090226497925472, -0.9154160183684295626, 0.000000000000000000 ) ) ;
#728 = CIRCLE ( 'NONE', #748, 0.2550000000000000044 ) ;
#729 = CARTESIAN_POINT ( 'NONE',  ( -1.525000000000000577, 6.825000000000000178, 0.5750000000000001776 ) ) ;
#730 = AXIS2_PLACEMENT_3D ( 'NONE', #1197, #1077, #1223 ) ;
#731 = CIRCLE ( 'NONE', #1542, 1.015000000000000124 ) ;
#732 = CARTESIAN_POINT ( 'NONE',  ( -1.227326938861600603, 3.369508266209630953, -1.590000000000000080 ) ) ;
#733 = EDGE_CURVE ( 'NONE', #1866, #1172, #1929, .T. ) ;
#734 = DIRECTION ( 'NONE',  ( 0.000000000000000000, 0.000000000000000000, 1.000000000000000000 ) ) ;
#735 = CYLINDRICAL_SURFACE ( 'NONE', #1051, 1.014999999999999902 ) ;
#736 = DIRECTION ( 'NONE',  ( 1.000000000000000000, -0.000000000000000000, -0.000000000000000000 ) ) ;
#737 = DIRECTION ( 'NONE',  ( 0.000000000000000000, 0.000000000000000000, 1.000000000000000000 ) ) ;
#738 = FACE_OUTER_BOUND ( 'NONE', #1041, .T. ) ;
#739 = APPLICATION_CONTEXT ( 'automotive_design' ) ;
#740 = DIRECTION ( 'NONE',  ( 0.9154160183684295626, -0.4025090226497926582, 0.000000000000000000 ) ) ;
#741 = FACE_OUTER_BOUND ( 'NONE', #1853, .T. ) ;
#742 = FACE_OUTER_BOUND ( 'NONE', #1758, .T. ) ;
#743 = DIRECTION ( 'NONE',  ( 0.000000000000000000, 0.000000000000000000, 1.000000000000000000 ) ) ;
#744 = DIRECTION ( 'NONE',  ( -1.000000000000000000, -0.000000000000000000, -0.000000000000000000 ) ) ;
#745 = CIRCLE ( 'NONE', #815, 0.2550000000000000044 ) ;
#746 = ADVANCED_FACE ( 'NONE', ( #18 ), #1308, .T. ) ;
#747 = SHAPE_REPRESENTATION ( 'Snap-In Type 2_C3242.545.085.843.180.517', ( #136 ), #1046 ) ;
#748 = AXIS2_PLACEMENT_3D ( 'NONE', #1014, #1437, #1296 ) ;
#749 = DIRECTION ( 'NONE',  ( 0.000000000000000000, 0.000000000000000000, -1.000000000000000000 ) ) ;
#750 = CARTESIAN_POINT ( 'NONE',  ( 1.255784652768866305, 3.353555379227580957, 1.589942172895596029 ) ) ;
#751 = CIRCLE ( 'NONE', #1742, 0.2550000000000000044 ) ;
#752 = AXIS2_PLACEMENT_3D ( 'NONE', #1623, #454, #600 ) ;
#753 = CARTESIAN_POINT ( 'NONE',  ( 0.9930514000798554841, 2.935493083818568216, -1.452952208383574195 ) ) ;
#754 = EDGE_CURVE ( 'NONE', #372, #808, #1033, .T. ) ;
#755 = CARTESIAN_POINT ( 'NONE',  ( -1.226003409205669525, 3.368200745229604554, -1.589999999999999636 ) ) ;
#756 = CARTESIAN_POINT ( 'NONE',  ( -1.227326938848940729, 3.369508266221643122, 1.590000000000000080 ) ) ;
#757 = CARTESIAN_POINT ( 'NONE',  ( 1.024680236116468190, 2.477913317847499464, -0.8469261337504807585 ) ) ;
#758 = CARTESIAN_POINT ( 'NONE',  ( 1.525000000000000133, 3.465000000000000302, -1.590000000000000080 ) ) ;
#759 = FACE_OUTER_BOUND ( 'NONE', #374, .T. ) ;
#760 = CARTESIAN_POINT ( 'NONE',  ( 0.5366567088009692732, 2.832376858012834120, -0.8643497834641535871 ) ) ;
#761 = AXIS2_PLACEMENT_3D ( 'NONE', #816, #1563, #785 ) ;
#762 = DIRECTION ( 'NONE',  ( -0.9993846153846154268, 0.03507692307692317907, -0.000000000000000000 ) ) ;
#763 = MECHANICAL_DESIGN_GEOMETRIC_PRESENTATION_REPRESENTATION (  '', ( #1664 ), #4 ) ;
#764 = DIRECTION ( 'NONE',  ( -0.9993846153846154268, -0.03507692307692317907, 0.000000000000000000 ) ) ;
#765 = CARTESIAN_POINT ( 'NONE',  ( -0.5075000000000002842, 2.817499999999999449, 1.590000000000000080 ) ) ;
#766 = CARTESIAN_POINT ( 'NONE',  ( 1.192663769416134167, 3.246542403455028758, 1.572591140164976364 ) ) ;
#767 = CIRCLE ( 'NONE', #469, 0.5341666666666666785 ) ;
#768 = EDGE_CURVE ( 'NONE', #1491, #1155, #1889, .T. ) ;
#769 = EDGE_CURVE ( 'NONE', #1192, #898, #1844, .T. ) ;
#770 = CARTESIAN_POINT ( 'NONE',  ( 1.950603448275862295, 0.000000000000000000, 0.000000000000000000 ) ) ;
#771 = ADVANCED_FACE ( 'NONE', ( #1286 ), #1291, .T. ) ;
#772 = EDGE_CURVE ( 'NONE', #1785, #1920, #643, .T. ) ;
#773 = CYLINDRICAL_SURFACE ( 'NONE', #317, 1.014999999999999902 ) ;
#774 = CARTESIAN_POINT ( 'NONE',  ( -1.317971926863390930, 3.465000000000000302, 1.590000000000000080 ) ) ;
#775 = PRESENTATION_STYLE_ASSIGNMENT (( #1125 ) ) ;
#776 = SHAPE_REPRESENTATION ( 'C3242.545.085.843.180.517', ( #1252, #1706 ), #887 ) ;
#777 = CARTESIAN_POINT ( 'NONE',  ( 0.000000000000000000, 2.650833333333333375, 1.590000000000000080 ) ) ;
#778 = CARTESIAN_POINT ( 'NONE',  ( 1.015000000000000124, 2.984166666666666856, 1.590000000000000080 ) ) ;
#779 = DIRECTION ( 'NONE',  ( -1.000000000000000000, 0.000000000000000000, 0.000000000000000000 ) ) ;
#780 = SPHERICAL_SURFACE ( 'NONE', #689, 1.014999999999999902 ) ;
#781 = LINE ( 'NONE', #393, #1415 ) ;
#782 = SPHERICAL_SURFACE ( 'NONE', #1449, 1.014999999999999902 ) ;
#783 = CARTESIAN_POINT ( 'NONE',  ( -0.5366567088009692732, 2.832376858012834120, -0.8643497834641535871 ) ) ;
#784 = AXIS2_PLACEMENT_3D ( 'NONE', #1029, #1687, #1455 ) ;
#785 = DIRECTION ( 'NONE',  ( -1.000000000000000000, 8.537024980200821325E-17, 0.000000000000000000 ) ) ;
#786 = CIRCLE ( 'NONE', #1383, 1.014999999999999902 ) ;
#787 = VECTOR ( 'NONE', #1662, 1000.000000000000000 ) ;
#788 = ADVANCED_FACE ( 'NONE', ( #1294 ), #1249, .F. ) ;
#789 = AXIS2_PLACEMENT_3D ( 'NONE', #778, #23, #36 ) ;
#790 = CIRCLE ( 'NONE', #515, 0.2550000000000000044 ) ;
#791 = CARTESIAN_POINT ( 'NONE',  ( 1.015000000000000124, 2.449999999999999734, -0.5749999999999992895 ) ) ;
#792 = EDGE_CURVE ( 'NONE', #1491, #1762, #1300, .T. ) ;
#793 = CIRCLE ( 'NONE', #121, 1.014999999999999902 ) ;
#794 = LINE ( 'NONE', #307, #206 ) ;
#795 = ADVANCED_FACE ( 'NONE', ( #650 ), #338, .T. ) ;
#796 = EDGE_LOOP ( 'NONE', ( #1565, #1573, #1445, #359 ) ) ;
#797 = CYLINDRICAL_SURFACE ( 'NONE', #1030, 0.2550000000000000044 ) ;
#798 = DIRECTION ( 'NONE',  ( 0.9154160183684295626, 0.4025090226497925472, 0.000000000000000000 ) ) ;
#799 = CYLINDRICAL_SURFACE ( 'NONE', #588, 1.014999999999999902 ) ;
#800 = DIRECTION ( 'NONE',  ( 0.000000000000000000, 0.000000000000000000, 1.000000000000000000 ) ) ;
#801 = LINE ( 'NONE', #976, #159 ) ;
#802 = VECTOR ( 'NONE', #230, 1000.000000000000000 ) ;
#803 = CARTESIAN_POINT ( 'NONE',  ( 1.269999999999999574, 2.449999999999999734, 0.000000000000000000 ) ) ;
#804 = CIRCLE ( 'NONE', #1416, 0.2550000000000000044 ) ;
#805 = CARTESIAN_POINT ( 'NONE',  ( 0.6910873368636082370, 2.924493464052230429, -1.205956901530622183 ) ) ;
#806 = CARTESIAN_POINT ( 'NONE',  ( -1.525000000000000577, 6.824999999999999289, 0.5750000000000001776 ) ) ;
#807 = CARTESIAN_POINT ( 'NONE',  ( 1.269999999999999796, -5.000000000000000000, 0.000000000000000000 ) ) ;
#808 = VERTEX_POINT ( 'NONE', #1509 ) ;
#809 = CIRCLE ( 'NONE', #1546, 0.2550000000000000044 ) ;
#810 = CIRCLE ( 'NONE', #1100, 0.8339717345613348876 ) ;
#811 = PRODUCT_DEFINITION_CONTEXT ( 'detailed design', #164, 'design' ) ;
#812 = FACE_OUTER_BOUND ( 'NONE', #308, .T. ) ;
#813 = ORIENTED_EDGE ( 'NONE', *, *, #1231, .T. ) ;
#814 = DIRECTION ( 'NONE',  ( 0.000000000000000000, 0.000000000000000000, -1.000000000000000000 ) ) ;
#815 = AXIS2_PLACEMENT_3D ( 'NONE', #560, #1613, #576 ) ;
#816 = CARTESIAN_POINT ( 'NONE',  ( 1.270000000000000240, 0.000000000000000000, 0.000000000000000000 ) ) ;
#817 = EDGE_LOOP ( 'NONE', ( #1627, #874, #1673, #1500 ) ) ;
#818 = SPHERICAL_SURFACE ( 'NONE', #642, 1.014999999999999902 ) ;
#819 = AXIS2_PLACEMENT_3D ( 'NONE', #1337, #336, #468 ) ;
#820 = DIRECTION ( 'NONE',  ( 0.000000000000000000, 0.000000000000000000, 1.000000000000000000 ) ) ;
#821 = FACE_OUTER_BOUND ( 'NONE', #1836, .T. ) ;
#822 = CARTESIAN_POINT ( 'NONE',  ( 1.525000000000000577, 6.824999999999999289, 0.5750000000000001776 ) ) ;
#823 = EDGE_CURVE ( 'NONE', #808, #1039, #1304, .T. ) ;
#824 = CARTESIAN_POINT ( 'NONE',  ( 1.084977006819217493, 2.659764722811669646, 1.206973413756711189 ) ) ;
#825 = DIRECTION ( 'NONE',  ( -0.000000000000000000, -1.000000000000000000, -0.000000000000000000 ) ) ;
#826 = FACE_OUTER_BOUND ( 'NONE', #388, .T. ) ;
#827 = DIRECTION ( 'NONE',  ( 0.000000000000000000, 0.000000000000000000, 1.000000000000000000 ) ) ;
#828 = FACE_OUTER_BOUND ( 'NONE', #926, .T. ) ;
#829 = ORIENTED_EDGE ( 'NONE', *, *, #850, .T. ) ;
#830 = CIRCLE ( 'NONE', #208, 0.2550000000000000044 ) ;
#831 = VERTEX_POINT ( 'NONE', #483 ) ;
#832 = VECTOR ( 'NONE', #92, 1000.000000000000000 ) ;
#833 =( NAMED_UNIT ( * ) SI_UNIT ( $, .STERADIAN. ) SOLID_ANGLE_UNIT ( ) );
#834 = PRODUCT_RELATED_PRODUCT_CATEGORY ( 'part', '', ( #1079 ) ) ;
#835 = DIRECTION ( 'NONE',  ( 1.000000000000000000, 0.000000000000000000, 0.000000000000000000 ) ) ;
#836 = CARTESIAN_POINT ( 'NONE',  ( -1.718570188316893121, 1.703431084683949770, 3.122849337825751159E-17 ) ) ;
#837 = EDGE_LOOP ( 'NONE', ( #273, #1204, #1696 ) ) ;
#838 = CIRCLE ( 'NONE', #1025, 1.014999999999999902 ) ;
#839 = B_SPLINE_CURVE_WITH_KNOTS ( 'NONE', 3,
 ( #1739, #1010, #1398, #824, #1590, #1554, #96, #249 ),
 .UNSPECIFIED., .F., .F.,
 ( 4, 2, 2, 4 ),
 ( -6.696733730145615912E-06, 0.0008007429943039706590, 0.001204462858321028729, 0.001608182722338086798 ),
 .UNSPECIFIED. ) ;
#840 = AXIS2_PLACEMENT_3D ( 'NONE', #144, #606, #1752 ) ;
#841 = ORIENTED_EDGE ( 'NONE', *, *, #1262, .T. ) ;
#842 = CARTESIAN_POINT ( 'NONE',  ( -1.255784652747859775, 3.353555379194172570, -1.589942153759369425 ) ) ;
#843 = VECTOR ( 'NONE', #1872, 1000.000000000000227 ) ;
#844 = CARTESIAN_POINT ( 'NONE',  ( 1.525000000000000133, 3.465000000000000302, 0.5750000000000001776 ) ) ;
#845 = DIRECTION ( 'NONE',  ( 0.000000000000000000, -1.000000000000000000, 0.000000000000000000 ) ) ;
#846 = AXIS2_PLACEMENT_3D ( 'NONE', #1677, #297, #134 ) ;
#847 = ORIENTED_EDGE ( 'NONE', *, *, #300, .F. ) ;
#848 = CIRCLE ( 'NONE', #840, 1.014999999999999902 ) ;
#849 = DIRECTION ( 'NONE',  ( 0.000000000000000000, 1.000000000000000000, 0.000000000000000000 ) ) ;
#850 = EDGE_CURVE ( 'NONE', #831, #553, #21, .T. ) ;
#851 = LINE ( 'NONE', #1003, #843 ) ;
#852 = DIRECTION ( 'NONE',  ( 0.000000000000000000, 1.000000000000000000, 0.000000000000000000 ) ) ;
#853 = DIRECTION ( 'NONE',  ( 0.000000000000000000, -0.000000000000000000, -1.000000000000000000 ) ) ;
#854 = ORIENTED_EDGE ( 'NONE', *, *, #1234, .T. ) ;
#855 = LINE ( 'NONE', #1934, #787 ) ;
#856 = ORIENTED_EDGE ( 'NONE', *, *, #91, .T. ) ;
#857 = CARTESIAN_POINT ( 'NONE',  ( 1.525000000000000133, 3.465000000000000302, -0.5749999999999997335 ) ) ;
#858 = TOROIDAL_SURFACE ( 'NONE', #1381, 0.2999999999999991007, 0.2550000000000000044 ) ;
#859 = CARTESIAN_POINT ( 'NONE',  ( 1.513290586765498880, 1.236568915316050621, 0.000000000000000000 ) ) ;
#860 = DIRECTION ( 'NONE',  ( -0.000000000000000000, -0.000000000000000000, -1.000000000000000000 ) ) ;
#861 = ORIENTED_EDGE ( 'NONE', *, *, #1767, .F. ) ;
#862 = CARTESIAN_POINT ( 'NONE',  ( -1.015000000000000124, 2.449999999999999734, 0.5750000000000006217 ) ) ;
#863 = TOROIDAL_SURFACE ( 'NONE', #1146, 0.5789717345613348831, 0.2550000000000000044 ) ;
#864 = CARTESIAN_POINT ( 'NONE',  ( 1.136145413084414635, 3.280874038703835982, -1.566803143429322587 ) ) ;
#865 = CARTESIAN_POINT ( 'NONE',  ( -1.525000000000000133, 2.449999999999999734, -0.5750000000000001776 ) ) ;
#866 = ORIENTED_EDGE ( 'NONE', *, *, #1212, .F. ) ;
#867 = AXIS2_PLACEMENT_3D ( 'NONE', #644, #465, #1684 ) ;
#868 = DIRECTION ( 'NONE',  ( 0.000000000000000000, -0.000000000000000000, -1.000000000000000000 ) ) ;
#869 = VERTEX_POINT ( 'NONE', #70 ) ;
#870 = CARTESIAN_POINT ( 'NONE',  ( 1.985000000000000320, 0.9799999999999999822, 0.000000000000000000 ) ) ;
#871 = DIRECTION ( 'NONE',  ( 0.9154160183684295626, 0.4025090226497926027, 0.000000000000000000 ) ) ;
#872 = EDGE_CURVE ( 'NONE', #1207, #969, #722, .T. ) ;
#873 = CARTESIAN_POINT ( 'NONE',  ( -1.848971734561334568, 2.000000000000000000, 0.000000000000000000 ) ) ;
#874 = ORIENTED_EDGE ( 'NONE', *, *, #477, .T. ) ;
#875 = EDGE_CURVE ( 'NONE', #367, #392, #1336, .T. ) ;
#876 = ADVANCED_FACE ( 'NONE', ( #692 ), #1602, .T. ) ;
#877 = CARTESIAN_POINT ( 'NONE',  ( -1.084977006819217493, 2.659764722811669646, 1.206973413756711189 ) ) ;
#878 = ORIENTED_EDGE ( 'NONE', *, *, #690, .F. ) ;
#879 = CARTESIAN_POINT ( 'NONE',  ( 1.091524215578067558, 2.681250498854357289, -1.223465800450275642 ) ) ;
#880 = ORIENTED_EDGE ( 'NONE', *, *, #1128, .F. ) ;
#881 = EDGE_LOOP ( 'NONE', ( #1775, #1890, #535, #527 ) ) ;
#882 = CARTESIAN_POINT ( 'NONE',  ( 0.6240587068445173635, 2.883322954603918742, 1.092760271765424340 ) ) ;
#883 = DIRECTION ( 'NONE',  ( 0.000000000000000000, 0.000000000000000000, 1.000000000000000000 ) ) ;
#884 = VERTEX_POINT ( 'NONE', #1018 ) ;
#885 = PLANE ( 'NONE',  #1126 ) ;
#886 = CARTESIAN_POINT ( 'NONE',  ( 0.5074999927280333667, 2.817500022143138771, 0.7197613655387274934 ) ) ;
#887 =( GEOMETRIC_REPRESENTATION_CONTEXT ( 3 ) GLOBAL_UNCERTAINTY_ASSIGNED_CONTEXT ( ( #1340 ) ) GLOBAL_UNIT_ASSIGNED_CONTEXT ( ( #199, #961, #375 ) ) REPRESENTATION_CONTEXT ( 'NONE', 'WORKASPACE' ) );
#888 = ORIENTED_EDGE ( 'NONE', *, *, #1581, .F. ) ;
#889 = ADVANCED_FACE ( 'NONE', ( #680 ), #697, .T. ) ;
#890 = CARTESIAN_POINT ( 'NONE',  ( 0.6115574210430729796, 2.876245113788409302, -1.054263803355519613 ) ) ;
#891 = AXIS2_PLACEMENT_3D ( 'NONE', #857, #1773, #1743 ) ;
#892 = EDGE_LOOP ( 'NONE', ( #1044, #485, #1564, #993, #982 ) ) ;
#893 = PRESENTATION_STYLE_ASSIGNMENT (( #526 ) ) ;
#894 = ORIENTED_EDGE ( 'NONE', *, *, #176, .F. ) ;
#895 = CARTESIAN_POINT ( 'NONE',  ( -0.6418274515837752991, 2.894641914073159850, -1.114098096076438615 ) ) ;
#896 = EDGE_CURVE ( 'NONE', #1232, #1192, #79, .T. ) ;
#897 = DIRECTION ( 'NONE',  ( 0.000000000000000000, 0.000000000000000000, 1.000000000000000000 ) ) ;
#898 = VERTEX_POINT ( 'NONE', #580 ) ;
#899 = VECTOR ( 'NONE', #1365, 1000.000000000000000 ) ;
#900 = CARTESIAN_POINT ( 'NONE',  ( 1.269999999999999574, 2.000000000000000000, 0.2550000000000000044 ) ) ;
#901 = FILL_AREA_STYLE ('',( #1211 ) ) ;
#902 = VERTEX_POINT ( 'NONE', #1006 ) ;
#903 = FACE_OUTER_BOUND ( 'NONE', #320, .T. ) ;
#904 = CARTESIAN_POINT ( 'NONE',  ( 1.061060837003764412, 3.036893186617432239, -1.504319630690582832 ) ) ;
#905 = VERTEX_POINT ( 'NONE', #1405 ) ;
#906 = ADVANCED_FACE ( 'NONE', ( #715 ), #54, .T. ) ;
#907 = ORIENTED_EDGE ( 'NONE', *, *, #651, .T. ) ;
#908 = FACE_OUTER_BOUND ( 'NONE', #924, .T. ) ;
#909 = COLOUR_RGB ( '',0.7921568627450980005, 0.8196078431372548767, 0.9333333333333333481 ) ;
#910 = ORIENTED_EDGE ( 'NONE', *, *, #978, .F. ) ;
#911 = CARTESIAN_POINT ( 'NONE',  ( -1.054609351342066237, 2.567588401587051816, 1.054263804548529304 ) ) ;
#912 = CARTESIAN_POINT ( 'NONE',  ( 1.269999999999999574, 2.449999999999999734, -0.2550000000000000044 ) ) ;
#913 = ORIENTED_EDGE ( 'NONE', *, *, #981, .T. ) ;
#914 = AXIS2_PLACEMENT_3D ( 'NONE', #246, #552, #679 ) ;
#915 = CARTESIAN_POINT ( 'NONE',  ( 1.026183785389812808, 2.482265453211267570, 0.8643497810750300214 ) ) ;
#916 = EDGE_LOOP ( 'NONE', ( #989, #856, #1462 ) ) ;
#917 = ORIENTED_EDGE ( 'NONE', *, *, #733, .T. ) ;
#918 = AXIS2_PLACEMENT_3D ( 'NONE', #1608, #511, #835 ) ;
#919 = CARTESIAN_POINT ( 'NONE',  ( 1.066062291051198319, 2.602361941701990311, -1.114098094297782948 ) ) ;
#920 = EDGE_LOOP ( 'NONE', ( #1809, #1815, #1183, #1178 ) ) ;
#921 = EDGE_LOOP ( 'NONE', ( #1007, #235, #1567, #1911, #1932 ) ) ;
#922 = CYLINDRICAL_SURFACE ( 'NONE', #288, 1.015000000000000124 ) ;
#923 = EDGE_CURVE ( 'NONE', #1248, #988, #708, .T. ) ;
#924 = EDGE_LOOP ( 'NONE', ( #1647, #930, #1530, #479, #618 ) ) ;
#925 = CARTESIAN_POINT ( 'NONE',  ( -1.269999999999999796, -5.000000000000000000, 0.000000000000000000 ) ) ;
#926 = EDGE_LOOP ( 'NONE', ( #261, #1930, #1532, #516 ) ) ;
#927 = VECTOR ( 'NONE', #635, 1000.000000000000000 ) ;
#928 = DIRECTION ( 'NONE',  ( -1.290716872006553520E-16, -1.000000000000000000, 0.000000000000000000 ) ) ;
#929 = CARTESIAN_POINT ( 'NONE',  ( 1.249183687641236329, 3.204790956647025180, -1.589999999999999858 ) ) ;
#930 = ORIENTED_EDGE ( 'NONE', *, *, #981, .F. ) ;
#931 = VERTEX_POINT ( 'NONE', #1566 ) ;
#932 = DIRECTION ( 'NONE',  ( 1.000000000000000000, 0.000000000000000000, 0.000000000000000000 ) ) ;
#933 = CARTESIAN_POINT ( 'NONE',  ( 0.6115574210430784197, 2.876245113788407970, 1.054263803355530271 ) ) ;
#934 = ORIENTED_EDGE ( 'NONE', *, *, #520, .T. ) ;
#935 = ORIENTED_EDGE ( 'NONE', *, *, #923, .F. ) ;
#936 = TOROIDAL_SURFACE ( 'NONE', #1537, 0.5789717345613348831, 0.2550000000000000044 ) ;
#937 = DIRECTION ( 'NONE',  ( 1.000000000000000000, 0.000000000000000000, 0.000000000000000000 ) ) ;
#938 = ORIENTED_EDGE ( 'NONE', *, *, #772, .F. ) ;
#939 = EDGE_LOOP ( 'NONE', ( #1215, #1467, #561, #974, #1826, #986 ) ) ;
#940 = VECTOR ( 'NONE', #363, 1000.000000000000000 ) ;
#941 = AXIS2_PLACEMENT_3D ( 'NONE', #175, #1334, #1220 ) ;
#942 = VERTEX_POINT ( 'NONE', #1729 ) ;
#943 = CARTESIAN_POINT ( 'NONE',  ( -0.5074999927280333667, 2.817500022143138771, 0.7197613655387274934 ) ) ;
#944 = VECTOR ( 'NONE', #473, 1000.000000000000000 ) ;
#945 = AXIS2_PLACEMENT_3D ( 'NONE', #7, #1900, #1760 ) ;
#946 = ORIENTED_EDGE ( 'NONE', *, *, #520, .F. ) ;
#947 = ADVANCED_FACE ( 'NONE', ( #45 ), #1315, .T. ) ;
#948 = EDGE_LOOP ( 'NONE', ( #813, #1023, #985, #311 ) ) ;
#949 = FACE_OUTER_BOUND ( 'NONE', #881, .T. ) ;
#950 = DIRECTION ( 'NONE',  ( 0.000000000000000000, 0.000000000000000000, 1.000000000000000000 ) ) ;
#951 = CARTESIAN_POINT ( 'NONE',  ( -1.525000000000000577, 6.824999999999999289, -0.5749999999999997335 ) ) ;
#952 = VERTEX_POINT ( 'NONE', #1301 ) ;
#953 = AXIS2_PLACEMENT_3D ( 'NONE', #1103, #670, #1861 ) ;
#954 = ORIENTED_EDGE ( 'NONE', *, *, #1474, .T. ) ;
#955 = SPHERICAL_SURFACE ( 'NONE', #941, 1.014999999999999902 ) ;
#956 = CARTESIAN_POINT ( 'NONE',  ( -1.054609351342063128, 2.567588401587049152, -1.054263804548525751 ) ) ;
#957 = EDGE_CURVE ( 'NONE', #372, #1039, #1042, .T. ) ;
#958 = CARTESIAN_POINT ( 'NONE',  ( 1.014999999999999680, 2.000000000000000000, 0.000000000000000000 ) ) ;
#959 = ADVANCED_FACE ( 'NONE', ( #678 ), #1362, .T. ) ;
#960 = CARTESIAN_POINT ( 'NONE',  ( -1.061060837003740653, 3.036893186617432683, 1.504319630690582832 ) ) ;
#961 =( NAMED_UNIT ( * ) PLANE_ANGLE_UNIT ( ) SI_UNIT ( $, .RADIAN. ) );
#962 = DIRECTION ( 'NONE',  ( 1.000000000000000000, 0.000000000000000000, 0.000000000000000000 ) ) ;
#963 = DIRECTION ( 'NONE',  ( 0.000000000000000000, 0.000000000000000000, 1.000000000000000000 ) ) ;
#964 = ORIENTED_EDGE ( 'NONE', *, *, #11, .T. ) ;
#965 = ORIENTED_EDGE ( 'NONE', *, *, #385, .F. ) ;
#966 = CARTESIAN_POINT ( 'NONE',  ( 1.525000000000000133, 6.825000000000000178, -1.590000000000000080 ) ) ;
#967 = VERTEX_POINT ( 'NONE', #1166 ) ;
#968 = CARTESIAN_POINT ( 'NONE',  ( 1.269999999999999574, 2.000000000000000000, 0.000000000000000000 ) ) ;
#969 = VERTEX_POINT ( 'NONE', #1324 ) ;
#970 = ORIENTED_EDGE ( 'NONE', *, *, #1669, .T. ) ;
#971 = AXIS2_PLACEMENT_3D ( 'NONE', #1523, #1343, #737 ) ;
#972 = CARTESIAN_POINT ( 'NONE',  ( 1.525000000000000133, 2.450000000000000178, 0.5750000000000001776 ) ) ;
#973 = CARTESIAN_POINT ( 'NONE',  ( -2.540000000000000036, 3.465000000000000302, 0.5750000000000006217 ) ) ;
#974 = ORIENTED_EDGE ( 'NONE', *, *, #1672, .T. ) ;
#975 = ORIENTED_EDGE ( 'NONE', *, *, #872, .F. ) ;
#976 = CARTESIAN_POINT ( 'NONE',  ( -2.540000000000000036, 6.824999999999999289, 0.5750000000000001776 ) ) ;
#977 = DIRECTION ( 'NONE',  ( 0.000000000000000000, 0.000000000000000000, 1.000000000000000000 ) ) ;
#978 = EDGE_CURVE ( 'NONE', #270, #1857, #669, .T. ) ;
#979 = ORIENTED_EDGE ( 'NONE', *, *, #1581, .T. ) ;
#980 = EDGE_LOOP ( 'NONE', ( #190, #1562, #1667 ) ) ;
#981 = EDGE_CURVE ( 'NONE', #1772, #1812, #1352, .T. ) ;
#982 = ORIENTED_EDGE ( 'NONE', *, *, #29, .T. ) ;
#983 = DIRECTION ( 'NONE',  ( 1.290716872006553520E-16, -1.000000000000000000, 0.000000000000000000 ) ) ;
#984 = EDGE_CURVE ( 'NONE', #1039, #1694, #711, .T. ) ;
#985 = ORIENTED_EDGE ( 'NONE', *, *, #89, .T. ) ;
#986 = ORIENTED_EDGE ( 'NONE', *, *, #477, .F. ) ;
#987 = CARTESIAN_POINT ( 'NONE',  ( -1.985000000000000320, 0.9799999999999999822, 0.000000000000000000 ) ) ;
#988 = VERTEX_POINT ( 'NONE', #990 ) ;
#989 = ORIENTED_EDGE ( 'NONE', *, *, #716, .F. ) ;
#990 = CARTESIAN_POINT ( 'NONE',  ( 1.525000000000000577, 7.839999999999999858, -0.5749999999999992895 ) ) ;
#991 = ORIENTED_EDGE ( 'NONE', *, *, #1425, .F. ) ;
#992 = DIRECTION ( 'NONE',  ( 0.000000000000000000, 0.000000000000000000, -1.000000000000000000 ) ) ;
#993 = ORIENTED_EDGE ( 'NONE', *, *, #1692, .T. ) ;
#994 = ORIENTED_EDGE ( 'NONE', *, *, #1669, .F. ) ;
#995 = DIRECTION ( 'NONE',  ( 0.000000000000000000, 0.000000000000000000, 1.000000000000000000 ) ) ;
#996 = FILL_AREA_STYLE_COLOUR ( '', #1397 ) ;
#997 = ORIENTED_EDGE ( 'NONE', *, *, #1452, .F. ) ;
#998 = ORIENTED_EDGE ( 'NONE', *, *, #1403, .F. ) ;
#999 = CARTESIAN_POINT ( 'NONE',  ( -2.540000000000000480, 6.824999999999999289, 1.590000000000000080 ) ) ;
#1000 = AXIS2_PLACEMENT_3D ( 'NONE', #1282, #1407, #1396 ) ;
#1001 = EDGE_LOOP ( 'NONE', ( #228, #910, #263, #400 ) ) ;
#1002 = EDGE_LOOP ( 'NONE', ( #283, #370, #1671, #326 ) ) ;
#1003 = CARTESIAN_POINT ( 'NONE',  ( -1.718570188316893121, 1.703431084683949770, 3.122849337825751159E-17 ) ) ;
#1004 = CLOSED_SHELL ( 'NONE', ( #1841, #1395, #1922, #154, #306, #22, #1559, #1408, #601, #1246, #414, #350, #620, #1668 ) ) ;
#1005 = MECHANICAL_DESIGN_GEOMETRIC_PRESENTATION_REPRESENTATION (  '', ( #1919 ), #1054 ) ;
#1006 = CARTESIAN_POINT ( 'NONE',  ( -1.524999999999999911, -5.000000000000000000, 3.122849337825750543E-17 ) ) ;
#1007 = ORIENTED_EDGE ( 'NONE', *, *, #448, .F. ) ;
#1008 = ORIENTED_EDGE ( 'NONE', *, *, #603, .T. ) ;
#1009 = EDGE_CURVE ( 'NONE', #367, #1785, #1333, .T. ) ;
#1010 = CARTESIAN_POINT ( 'NONE',  ( 1.249183687641031604, 3.204790956647079803, 1.589999999999999858 ) ) ;
#1011 = DIRECTION ( 'NONE',  ( 1.000000000000000000, 8.537024980200821325E-17, 0.000000000000000000 ) ) ;
#1012 = ORIENTED_EDGE ( 'NONE', *, *, #716, .T. ) ;
#1013 = CARTESIAN_POINT ( 'NONE',  ( -0.7094088226282565524, 2.938350511022096434, -1.223465798671622862 ) ) ;
#1014 = CARTESIAN_POINT ( 'NONE',  ( -1.270000000000000462, 0.000000000000000000, 0.000000000000000000 ) ) ;
#1015 = ORIENTED_EDGE ( 'NONE', *, *, #1310, .T. ) ;
#1016 = CARTESIAN_POINT ( 'NONE',  ( 1.015000000000000124, 2.449999999999999734, -0.5749999999999992895 ) ) ;
#1017 = EDGE_LOOP ( 'NONE', ( #404, #226, #1050, #537 ) ) ;
#1018 = CARTESIAN_POINT ( 'NONE',  ( -2.540000000000000480, 6.824999999999999289, 0.5750000000000006217 ) ) ;
#1019 = EDGE_LOOP ( 'NONE', ( #626, #490, #596, #615 ) ) ;
#1020 = ADVANCED_BREP_SHAPE_REPRESENTATION ( '', ( #1062, #1143, #67, #136 ), #1046 ) ;
#1021 = CARTESIAN_POINT ( 'NONE',  ( 1.525000000000001021, 6.824999999999999289, -1.590000000000000080 ) ) ;
#1022 = DIRECTION ( 'NONE',  ( -1.290716872006553520E-16, -1.000000000000000000, 0.000000000000000000 ) ) ;
#1023 = ORIENTED_EDGE ( 'NONE', *, *, #447, .F. ) ;
#1024 = DIRECTION ( 'NONE',  ( 0.000000000000000000, 0.000000000000000000, -1.000000000000000000 ) ) ;
#1025 = AXIS2_PLACEMENT_3D ( 'NONE', #1916, #744, #897 ) ;
#1026 = CARTESIAN_POINT ( 'NONE',  ( -1.284313270774890547, 3.337706832427558279, -1.590000000000000080 ) ) ;
#1027 = DIRECTION ( 'NONE',  ( 0.000000000000000000, 0.000000000000000000, 1.000000000000000000 ) ) ;
#1028 = ORIENTED_EDGE ( 'NONE', *, *, #1344, .T. ) ;
#1029 = CARTESIAN_POINT ( 'NONE',  ( 1.525000000000000133, 3.465000000000000302, 0.5750000000000003997 ) ) ;
#1030 = AXIS2_PLACEMENT_3D ( 'NONE', #1066, #1210, #1353 ) ;
#1031 = ORIENTED_EDGE ( 'NONE', *, *, #630, .T. ) ;
#1032 = DIRECTION ( 'NONE',  ( -8.537024980200821325E-17, -1.000000000000000000, 0.000000000000000000 ) ) ;
#1033 = B_SPLINE_CURVE_WITH_KNOTS ( 'NONE', 3,
 ( #547, #1176, #449, #699, #1158, #6, #587, #1216, #619, #1683 ),
 .UNSPECIFIED., .F., .F.,
 ( 4, 2, 2, 2, 4 ),
 ( -6.697961313148399142E-06, 0.0003938681495561029253, 0.0007944342604253542455, 0.001195000371294605620, 0.001595566482163856452 ),
 .UNSPECIFIED. ) ;
#1034 = EDGE_CURVE ( 'NONE', #1232, #1276, #1320, .T. ) ;
#1035 = APPLICATION_CONTEXT ( 'automotive_design' ) ;
#1036 = ORIENTED_EDGE ( 'NONE', *, *, #693, .T. ) ;
#1037 = CARTESIAN_POINT ( 'NONE',  ( 1.150103826613646740, 2.868776499236303401, -1.406801269337958793 ) ) ;
#1038 = DIRECTION ( 'NONE',  ( -1.290716872006553520E-16, -1.000000000000000000, 0.000000000000000000 ) ) ;
#1039 = VERTEX_POINT ( 'NONE', #277 ) ;
#1040 = CARTESIAN_POINT ( 'NONE',  ( 1.525000000000001021, 6.824999999999999289, -0.5750000000000001776 ) ) ;
#1041 = EDGE_LOOP ( 'NONE', ( #316, #1458, #1012, #303 ) ) ;
#1042 = B_SPLINE_CURVE_WITH_KNOTS ( 'NONE', 3,
 ( #1754, #399, #523, #877, #704, #1442, #1430, #862 ),
 .UNSPECIFIED., .F., .F.,
 ( 4, 2, 2, 4 ),
 ( -6.696733730145615912E-06, 0.0008007429943039706590, 0.001204462858321028729, 0.001608182722338086798 ),
 .UNSPECIFIED. ) ;
#1043 = DIRECTION ( 'NONE',  ( 0.000000000000000000, -1.000000000000000000, 0.000000000000000000 ) ) ;
#1044 = ORIENTED_EDGE ( 'NONE', *, *, #1614, .F. ) ;
#1045 = CARTESIAN_POINT ( 'NONE',  ( 0.6418274515837684158, 2.894641914073166511, 1.114098096076433508 ) ) ;
#1046 =( GEOMETRIC_REPRESENTATION_CONTEXT ( 3 ) GLOBAL_UNCERTAINTY_ASSIGNED_CONTEXT ( ( #718 ) ) GLOBAL_UNIT_ASSIGNED_CONTEXT ( ( #541, #72, #234 ) ) REPRESENTATION_CONTEXT ( 'NONE', 'WORKASPACE' ) );
#1047 = ORIENTED_EDGE ( 'NONE', *, *, #1695, .T. ) ;
#1048 = CARTESIAN_POINT ( 'NONE',  ( 1.525000000000000577, 6.824999999999999289, -0.5750000000000001776 ) ) ;
#1049 = ADVANCED_FACE ( 'NONE', ( #703 ), #75, .T. ) ;
#1050 = ORIENTED_EDGE ( 'NONE', *, *, #1072, .T. ) ;
#1051 = AXIS2_PLACEMENT_3D ( 'NONE', #441, #1052, #1193 ) ;
#1052 = DIRECTION ( 'NONE',  ( 1.000000000000000000, 0.000000000000000000, 0.000000000000000000 ) ) ;
#1053 = ORIENTED_EDGE ( 'NONE', *, *, #1368, .T. ) ;
#1054 =( GEOMETRIC_REPRESENTATION_CONTEXT ( 3 ) GLOBAL_UNCERTAINTY_ASSIGNED_CONTEXT ( ( #1716 ) ) GLOBAL_UNIT_ASSIGNED_CONTEXT ( ( #1599, #628, #1080 ) ) REPRESENTATION_CONTEXT ( 'NONE', 'WORKASPACE' ) );
#1055 = CIRCLE ( 'NONE', #752, 0.2550000000000000044 ) ;
#1056 = CARTESIAN_POINT ( 'NONE',  ( -1.525000000000000133, 3.465000000000000302, -1.590000000000000080 ) ) ;
#1057 = CARTESIAN_POINT ( 'NONE',  ( 0.8571528524121109216, 2.745371188878726887, 1.301000130747166361 ) ) ;
#1058 = EDGE_CURVE ( 'NONE', #1676, #1155, #41, .T. ) ;
#1059 = CYLINDRICAL_SURFACE ( 'NONE', #598, 0.2550000000000000600 ) ;
#1060 = CARTESIAN_POINT ( 'NONE',  ( 0.7464739589717862556, 2.963487505259462029, -1.272867401847624702 ) ) ;
#1061 = LINE ( 'NONE', #1326, #429 ) ;
#1062 = MANIFOLD_SOLID_BREP ( 'Combine1', #1855 ) ;
#1063 = DIRECTION ( 'NONE',  ( 1.290716872006553520E-16, 1.000000000000000000, 0.000000000000000000 ) ) ;
#1064 = ADVANCED_FACE ( 'NONE', ( #1345 ), #637, .T. ) ;
#1065 = CARTESIAN_POINT ( 'NONE',  ( 1.718570188316893121, 1.703431084683949770, -3.122849337825751159E-17 ) ) ;
#1066 = CARTESIAN_POINT ( 'NONE',  ( -1.269999999999999574, 2.449999999999999734, 0.000000000000000000 ) ) ;
#1067 = PRODUCT_DEFINITION_FORMATION_WITH_SPECIFIED_SOURCE ( 'ANY', '', #1079, .NOT_KNOWN. ) ;
#1068 = FACE_OUTER_BOUND ( 'NONE', #916, .T. ) ;
#1069 = CARTESIAN_POINT ( 'NONE',  ( 0.8571528524121115877, 2.745371188878719337, -1.301000130747159034 ) ) ;
#1070 = AXIS2_PLACEMENT_3D ( 'NONE', #1409, #1293, #1864 ) ;
#1071 = CARTESIAN_POINT ( 'NONE',  ( -1.129993336237682167, 3.274872246957231336, -1.565377035357968571 ) ) ;
#1072 = EDGE_CURVE ( 'NONE', #1920, #1785, #51, .T. ) ;
#1073 = CARTESIAN_POINT ( 'NONE',  ( -0.7900424211600790558, 2.655695382246614944, 1.199737214343313374 ) ) ;
#1074 = CARTESIAN_POINT ( 'NONE',  ( 1.317971926863394705, 3.464999999999999414, -1.590000000000000080 ) ) ;
#1075 = VECTOR ( 'NONE', #446, 1000.000000000000000 ) ;
#1076 = ADVANCED_FACE ( 'NONE', ( #686 ), #1703, .F. ) ;
#1077 = DIRECTION ( 'NONE',  ( -0.000000000000000000, -0.000000000000000000, -1.000000000000000000 ) ) ;
#1078 = CARTESIAN_POINT ( 'NONE',  ( 1.091524215578067114, 2.681250498854359954, 1.223465800450278085 ) ) ;
#1079 = PRODUCT ( 'C3242.545.085.843.180.517', 'C3242.545.085.843.180.517', '', ( #1355 ) ) ;
#1080 =( NAMED_UNIT ( * ) SI_UNIT ( $, .STERADIAN. ) SOLID_ANGLE_UNIT ( ) );
#1081 = CARTESIAN_POINT ( 'NONE',  ( -1.091524215578067114, 2.681250498854359954, 1.223465800450278085 ) ) ;
#1082 = CARTESIAN_POINT ( 'NONE',  ( 0.000000000000000000, 2.650833333333333375, 0.5750000000000001776 ) ) ;
#1083 = CARTESIAN_POINT ( 'NONE',  ( 2.003112906019240302, 1.021193720826579110, 0.000000000000000000 ) ) ;
#1084 = SHAPE_DEFINITION_REPRESENTATION ( #253, #776 ) ;
#1085 = AXIS2_PLACEMENT_3D ( 'NONE', #1555, #696, #502 ) ;
#1086 = DIRECTION ( 'NONE',  ( -1.290716872006553520E-16, 1.000000000000000000, -0.000000000000000000 ) ) ;
#1087 = CARTESIAN_POINT ( 'NONE',  ( 1.317971926863390930, 3.465000000000000302, 1.590000000000000080 ) ) ;
#1088 = ADVANCED_FACE ( 'NONE', ( #1323 ), #721, .T. ) ;
#1089 = AXIS2_PLACEMENT_3D ( 'NONE', #348, #1369, #1240 ) ;
#1090 = DIRECTION ( 'NONE',  ( -0.000000000000000000, -0.000000000000000000, -1.000000000000000000 ) ) ;
#1091 = CARTESIAN_POINT ( 'NONE',  ( 1.525000000000000133, 2.449999999999999734, 0.5750000000000006217 ) ) ;
#1092 = EDGE_CURVE ( 'NONE', #1226, #1172, #1349, .T. ) ;
#1093 = CARTESIAN_POINT ( 'NONE',  ( -0.6418274515837684158, 2.894641914073166511, 1.114098096076433508 ) ) ;
#1094 = CARTESIAN_POINT ( 'NONE',  ( 0.6240587068445170305, 2.883322954603917854, -1.092760271765423452 ) ) ;
#1095 = DIRECTION ( 'NONE',  ( -1.000000000000000000, 0.000000000000000000, 0.000000000000000000 ) ) ;
#1096 = CARTESIAN_POINT ( 'NONE',  ( -1.525000000000000133, 3.465000000000000302, 0.5750000000000001776 ) ) ;
#1097 = DIRECTION ( 'NONE',  ( 0.000000000000000000, -1.000000000000000000, 0.000000000000000000 ) ) ;
#1098 = ADVANCED_FACE ( 'NONE', ( #63 ), #1370, .T. ) ;
#1099 = CARTESIAN_POINT ( 'NONE',  ( 2.540000000000000036, 3.465000000000000302, 1.590000000000000080 ) ) ;
#1100 = AXIS2_PLACEMENT_3D ( 'NONE', #1428, #425, #204 ) ;
#1101 = SHAPE_DEFINITION_REPRESENTATION ( #239, #747 ) ;
#1102 = DIRECTION ( 'NONE',  ( 0.000000000000000000, 0.000000000000000000, 1.000000000000000000 ) ) ;
#1103 = CARTESIAN_POINT ( 'NONE',  ( -1.269999999999999574, 2.000000000000000000, 0.000000000000000000 ) ) ;
#1104 = AXIS2_PLACEMENT_3D ( 'NONE', #1351, #172, #471 ) ;
#1105 = DIRECTION ( 'NONE',  ( -1.000000000000000000, 0.000000000000000000, 0.000000000000000000 ) ) ;
#1106 = DIRECTION ( 'NONE',  ( 8.537024980200821325E-17, -1.000000000000000000, -0.000000000000000000 ) ) ;
#1107 = ITEM_DEFINED_TRANSFORMATION ( 'NONE', 'NONE', #1706,  #136 ) ;
#1108 = AXIS2_PLACEMENT_3D ( 'NONE', #631, #584, #463 ) ;
#1109 = CARTESIAN_POINT ( 'NONE',  ( 1.269999999999999574, 2.449999999999999734, 0.000000000000000000 ) ) ;
#1110 = EDGE_CURVE ( 'NONE', #898, #1192, #84, .T. ) ;
#1111 = CARTESIAN_POINT ( 'NONE',  ( -1.015000000000000124, 2.449999999999999734, -0.5749999999999992895 ) ) ;
#1112 = DIRECTION ( 'NONE',  ( 8.537024980200821325E-17, -1.000000000000000000, -0.000000000000000000 ) ) ;
#1113 = ORIENTED_EDGE ( 'NONE', *, *, #217, .T. ) ;
#1114 = DIRECTION ( 'NONE',  ( 0.000000000000000000, 0.000000000000000000, -1.000000000000000000 ) ) ;
#1115 = CARTESIAN_POINT ( 'NONE',  ( -1.270000000000000240, 0.000000000000000000, 0.000000000000000000 ) ) ;
#1116 = VERTEX_POINT ( 'NONE', #836 ) ;
#1117 = DIRECTION ( 'NONE',  ( -1.000000000000000000, 0.000000000000000000, 0.000000000000000000 ) ) ;
#1118 = ORIENTED_EDGE ( 'NONE', *, *, #170, .F. ) ;
#1119 = AXIS2_PLACEMENT_3D ( 'NONE', #1615, #292, #185 ) ;
#1120 = DIRECTION ( 'NONE',  ( -0.000000000000000000, -0.000000000000000000, -1.000000000000000000 ) ) ;
#1121 = DIRECTION ( 'NONE',  ( -0.000000000000000000, -1.000000000000000000, -0.000000000000000000 ) ) ;
#1122 = AXIS2_PLACEMENT_3D ( 'NONE', #1771, #1038, #1448 ) ;
#1123 = ORIENTED_EDGE ( 'NONE', *, *, #499, .F. ) ;
#1124 = CARTESIAN_POINT ( 'NONE',  ( 1.615930387541195890, 1.469999999999999973, 0.000000000000000000 ) ) ;
#1125 = SURFACE_STYLE_USAGE ( .BOTH. , #405 ) ;
#1126 = AXIS2_PLACEMENT_3D ( 'NONE', #758, #1498, #1095 ) ;
#1127 = VERTEX_POINT ( 'NONE', #544 ) ;
#1128 = EDGE_CURVE ( 'NONE', #1248, #1576, #662, .T. ) ;
#1129 = CARTESIAN_POINT ( 'NONE',  ( 1.525000000000000577, 7.839999999999999858, 1.590000000000000080 ) ) ;
#1130 = DIRECTION ( 'NONE',  ( -1.000000000000000000, 0.000000000000000000, 0.000000000000000000 ) ) ;
#1131 = EDGE_CURVE ( 'NONE', #245, #1576, #35, .T. ) ;
#1132 = ORIENTED_EDGE ( 'NONE', *, *, #34, .F. ) ;
#1133 = FACE_OUTER_BOUND ( 'NONE', #1560, .T. ) ;
#1134 = CARTESIAN_POINT ( 'NONE',  ( -2.540000000000000480, 6.824999999999999289, -0.5749999999999992895 ) ) ;
#1135 = ADVANCED_FACE ( 'NONE', ( #666 ), #773, .T. ) ;
#1136 = EDGE_LOOP ( 'NONE', ( #1631, #866, #1634, #1617 ) ) ;
#1137 = CARTESIAN_POINT ( 'NONE',  ( -1.270000000000000462, 0.000000000000000000, 0.000000000000000000 ) ) ;
#1138 = CARTESIAN_POINT ( 'NONE',  ( 0.000000000000000000, 0.000000000000000000, 0.000000000000000000 ) ) ;
#1139 = CARTESIAN_POINT ( 'NONE',  ( -1.015000000000000568, 0.000000000000000000, 0.000000000000000000 ) ) ;
#1140 = DIRECTION ( 'NONE',  ( -1.000000000000000000, 0.000000000000000000, 0.000000000000000000 ) ) ;
#1141 = ORIENTED_EDGE ( 'NONE', *, *, #1692, .F. ) ;
#1142 = ORIENTED_EDGE ( 'NONE', *, *, #241, .T. ) ;
#1143 = MANIFOLD_SOLID_BREP ( 'Move Face1[1]', #1230 ) ;
#1144 = CARTESIAN_POINT ( 'NONE',  ( -1.061060837003764412, 3.036893186617417140, -1.504319630690575282 ) ) ;
#1145 = ORIENTED_EDGE ( 'NONE', *, *, #447, .T. ) ;
#1146 = AXIS2_PLACEMENT_3D ( 'NONE', #428, #1737, #657 ) ;
#1147 = CARTESIAN_POINT ( 'NONE',  ( -1.269999999999999574, 2.000000000000000000, 0.2550000000000000044 ) ) ;
#1148 = ORIENTED_EDGE ( 'NONE', *, *, #124, .F. ) ;
#1149 = AXIS2_PLACEMENT_3D ( 'NONE', #1803, #736, #1522 ) ;
#1150 = COLOUR_RGB ( '',0.7921568627450980005, 0.8196078431372548767, 0.9333333333333333481 ) ;
#1151 = CARTESIAN_POINT ( 'NONE',  ( -1.269999999999999574, 2.000000000000000000, 0.000000000000000000 ) ) ;
#1152 = EDGE_CURVE ( 'NONE', #1824, #905, #114, .T. ) ;
#1153 = CARTESIAN_POINT ( 'NONE',  ( 0.5075000000000002842, 2.817499999999999449, 0.5750000000000010658 ) ) ;
#1154 = EDGE_CURVE ( 'NONE', #293, #1797, #126, .T. ) ;
#1155 = VERTEX_POINT ( 'NONE', #1420 ) ;
#1156 = CIRCLE ( 'NONE', #953, 0.2550000000000000044 ) ;
#1157 = CARTESIAN_POINT ( 'NONE',  ( 1.950603448275862295, 0.000000000000000000, 0.000000000000000000 ) ) ;
#1158 = CARTESIAN_POINT ( 'NONE',  ( -0.8497696737019010405, 3.037161279036306283, 1.392693478167060572 ) ) ;
#1159 = ORIENTED_EDGE ( 'NONE', *, *, #386, .T. ) ;
#1160 = CARTESIAN_POINT ( 'NONE',  ( 1.950603448275862295, 0.000000000000000000, 3.122849337825750543E-17 ) ) ;
#1161 = VECTOR ( 'NONE', #928, 1000.000000000000000 ) ;
#1162 = FACE_OUTER_BOUND ( 'NONE', #1019, .T. ) ;
#1163 = DIRECTION ( 'NONE',  ( 0.000000000000000000, 0.000000000000000000, 1.000000000000000000 ) ) ;
#1164 = ORIENTED_EDGE ( 'NONE', *, *, #1131, .T. ) ;
#1165 = LINE ( 'NONE', #207, #503 ) ;
#1166 = CARTESIAN_POINT ( 'NONE',  ( -1.524999999999999689, 2.000000000000000000, 3.122849337825750543E-17 ) ) ;
#1167 = ORIENTED_EDGE ( 'NONE', *, *, #68, .F. ) ;
#1168 = CIRCLE ( 'NONE', #1612, 0.5341666666666666785 ) ;
#1169 = DIRECTION ( 'NONE',  ( -0.000000000000000000, -0.000000000000000000, -1.000000000000000000 ) ) ;
#1170 = ADVANCED_FACE ( 'NONE', ( #759 ), #122, .T. ) ;
#1171 = CARTESIAN_POINT ( 'NONE',  ( -1.525000000000000577, 7.839999999999999858, -0.5749999999999992895 ) ) ;
#1172 = VERTEX_POINT ( 'NONE', #251 ) ;
#1173 = CIRCLE ( 'NONE', #1307, 0.2550000000000000044 ) ;
#1174 = VECTOR ( 'NONE', #61, 1000.000000000000000 ) ;
#1175 = AXIS2_PLACEMENT_3D ( 'NONE', #633, #762, #444 ) ;
#1176 = CARTESIAN_POINT ( 'NONE',  ( -1.226003409205656203, 3.368200745229617876, 1.590000000000000302 ) ) ;
#1177 = ADVANCED_FACE ( 'NONE', ( #1394 ), #431, .F. ) ;
#1178 = ORIENTED_EDGE ( 'NONE', *, *, #50, .F. ) ;
#1179 = CARTESIAN_POINT ( 'NONE',  ( -1.525000000000000577, 6.824999999999999289, -0.5750000000000001776 ) ) ;
#1180 = SURFACE_STYLE_FILL_AREA ( #701 ) ;
#1181 = VECTOR ( 'NONE', #1434, 1000.000000000000000 ) ;
#1182 = AXIS2_PLACEMENT_3D ( 'NONE', #90, #181, #1693 ) ;
#1183 = ORIENTED_EDGE ( 'NONE', *, *, #1404, .T. ) ;
#1184 =( LENGTH_UNIT ( ) NAMED_UNIT ( * ) SI_UNIT ( .MILLI., .METRE. ) );
#1185 = FACE_OUTER_BOUND ( 'NONE', #532, .T. ) ;
#1186 = EDGE_CURVE ( 'NONE', #1578, #902, #119, .T. ) ;
#1187 = APPLICATION_PROTOCOL_DEFINITION ( 'draft international standard', 'automotive_design', 1998, #1035 ) ;
#1188 = ORIENTED_EDGE ( 'NONE', *, *, #264, .T. ) ;
#1189 = DIRECTION ( 'NONE',  ( 0.000000000000000000, -1.000000000000000000, 0.000000000000000000 ) ) ;
#1190 = ORIENTED_EDGE ( 'NONE', *, *, #896, .F. ) ;
#1191 = CARTESIAN_POINT ( 'NONE',  ( 1.226003409205656203, 3.368200745229617876, 1.590000000000000302 ) ) ;
#1192 = VERTEX_POINT ( 'NONE', #1306 ) ;
#1193 = DIRECTION ( 'NONE',  ( 0.000000000000000000, 0.000000000000000000, 1.000000000000000000 ) ) ;
#1194 = VECTOR ( 'NONE', #1568, 1000.000000000000000 ) ;
#1195 = ADVANCED_FACE ( 'NONE', ( #131 ), #109, .T. ) ;
#1196 = EDGE_LOOP ( 'NONE', ( #994, #1682, #285, #365 ) ) ;
#1197 = CARTESIAN_POINT ( 'NONE',  ( -1.848971734561334568, 2.000000000000000000, 3.122849337825750543E-17 ) ) ;
#1198 = CARTESIAN_POINT ( 'NONE',  ( 0.9537680282263452103, 3.119313075542193392, 1.474569608028673873 ) ) ;
#1199 = AXIS2_PLACEMENT_3D ( 'NONE', #968, #412, #69 ) ;
#1200 = ORIENTED_EDGE ( 'NONE', *, *, #1867, .T. ) ;
#1201 = CYLINDRICAL_SURFACE ( 'NONE', #645, 0.2550000000000000044 ) ;
#1202 = CARTESIAN_POINT ( 'NONE',  ( 1.227326938861600603, 3.369508266209630953, -1.590000000000000080 ) ) ;
#1203 = UNCERTAINTY_MEASURE_WITH_UNIT (LENGTH_MEASURE( 1.000000000000000082E-05 ), #1184, 'distance_accuracy_value', 'NONE');
#1204 = ORIENTED_EDGE ( 'NONE', *, *, #458, .F. ) ;
#1205 = AXIS2_PLACEMENT_3D ( 'NONE', #563, #80, #1289 ) ;
#1206 = DIRECTION ( 'NONE',  ( 0.000000000000000000, 0.000000000000000000, 1.000000000000000000 ) ) ;
#1207 = VERTEX_POINT ( 'NONE', #1741 ) ;
#1208 = AXIS2_PLACEMENT_3D ( 'NONE', #1366, #1513, #1688 ) ;
#1209 = EDGE_LOOP ( 'NONE', ( #238, #998, #353, #934 ) ) ;
#1210 = DIRECTION ( 'NONE',  ( 0.000000000000000000, -1.000000000000000000, 0.000000000000000000 ) ) ;
#1211 = FILL_AREA_STYLE_COLOUR ( '', #40 ) ;
#1212 = EDGE_CURVE ( 'NONE', #346, #291, #767, .T. ) ;
#1213 = ORIENTED_EDGE ( 'NONE', *, *, #146, .F. ) ;
#1214 = CARTESIAN_POINT ( 'NONE',  ( 1.615930387541195890, 1.470000000000000195, 0.000000000000000000 ) ) ;
#1215 = ORIENTED_EDGE ( 'NONE', *, *, #1234, .F. ) ;
#1216 = CARTESIAN_POINT ( 'NONE',  ( -0.5323331890646950670, 2.830137751168144700, 0.8452591042128210219 ) ) ;
#1217 = EDGE_LOOP ( 'NONE', ( #220, #1015, #954, #1481 ) ) ;
#1218 = CARTESIAN_POINT ( 'NONE',  ( -0.8658128564571563324, 3.049462758030458076, 1.406801264968067899 ) ) ;
#1219 = VECTOR ( 'NONE', #328, 1000.000000000000000 ) ;
#1220 = DIRECTION ( 'NONE',  ( -1.000000000000000000, 0.000000000000000000, 0.000000000000000000 ) ) ;
#1221 = VERTEX_POINT ( 'NONE', #512 ) ;
#1222 = LINE ( 'NONE', #161, #1219 ) ;
#1223 = DIRECTION ( 'NONE',  ( -1.000000000000000000, 0.000000000000000000, 0.000000000000000000 ) ) ;
#1224 = CARTESIAN_POINT ( 'NONE',  ( 0.8913674833830556032, 2.792156275597308390, 1.343716306846352460 ) ) ;
#1225 = AXIS2_PLACEMENT_3D ( 'NONE', #1099, #1402, #1707 ) ;
#1226 = VERTEX_POINT ( 'NONE', #1435 ) ;
#1227 = CIRCLE ( 'NONE', #1840, 0.2550000000000000044 ) ;
#1228 = CARTESIAN_POINT ( 'NONE',  ( 1.525000000000000133, 3.465000000000000302, 1.590000000000000080 ) ) ;
#1229 = STYLED_ITEM ( 'NONE', ( #698 ), #1062 ) ;
#1230 = CLOSED_SHELL ( 'NONE', ( #636, #1360, #1515, #947, #1195, #259, #1098, #746, #1697, #906, #1718, #1711, #788, #1376 ) ) ;
#1231 = EDGE_CURVE ( 'NONE', #553, #1582, #781, .T. ) ;
#1232 = VERTEX_POINT ( 'NONE', #1751 ) ;
#1233 = CARTESIAN_POINT ( 'NONE',  ( -1.014999999999999902, 2.450000000000000178, 0.5750000000000001776 ) ) ;
#1234 = EDGE_CURVE ( 'NONE', #493, #952, #1385, .T. ) ;
#1235 = CARTESIAN_POINT ( 'NONE',  ( -1.525000000000000133, 2.450000000000000178, 0.5750000000000001776 ) ) ;
#1236 = EDGE_CURVE ( 'NONE', #988, #1822, #731, .T. ) ;
#1237 = ORIENTED_EDGE ( 'NONE', *, *, #1552, .T. ) ;
#1238 = CIRCLE ( 'NONE', #1363, 0.3239717345613348787 ) ;
#1239 = DIRECTION ( 'NONE',  ( 0.000000000000000000, -1.000000000000000000, 0.000000000000000000 ) ) ;
#1240 = DIRECTION ( 'NONE',  ( -1.000000000000000000, 0.000000000000000000, 0.000000000000000000 ) ) ;
#1241 = ORIENTED_EDGE ( 'NONE', *, *, #1584, .F. ) ;
#1242 = VECTOR ( 'NONE', #1834, 1000.000000000000000 ) ;
#1243 = DIRECTION ( 'NONE',  ( 0.000000000000000000, -0.000000000000000000, -1.000000000000000000 ) ) ;
#1244 = EDGE_LOOP ( 'NONE', ( #847, #1036, #368 ) ) ;
#1245 = CARTESIAN_POINT ( 'NONE',  ( -1.014999999999999902, -5.000000000000000000, 0.000000000000000000 ) ) ;
#1246 = ADVANCED_FACE ( 'NONE', ( #742 ), #1388, .T. ) ;
#1247 = LINE ( 'NONE', #1527, #640 ) ;
#1248 = VERTEX_POINT ( 'NONE', #1171 ) ;
#1249 = PLANE ( 'NONE',  #1686 ) ;
#1250 = CARTESIAN_POINT ( 'NONE',  ( 0.000000000000000000, -2.000000000000000000, 0.000000000000000000 ) ) ;
#1251 = ORIENTED_EDGE ( 'NONE', *, *, #1614, .T. ) ;
#1252 = AXIS2_PLACEMENT_3D ( 'NONE', #209, #671, #27 ) ;
#1253 = CARTESIAN_POINT ( 'NONE',  ( -2.540000000000000036, 3.465000000000000302, 1.590000000000000080 ) ) ;
#1254 = DIRECTION ( 'NONE',  ( -1.290716872006553520E-16, 1.000000000000000000, 0.000000000000000000 ) ) ;
#1255 = PRODUCT ( 'Snap-In Type 2_C3242.545.085.843.180.517', 'Snap-In Type 2_C3242.545.085.843.180.517', '', ( #125 ) ) ;
#1256 = CIRCLE ( 'NONE', #49, 0.4256034482758620507 ) ;
#1257 = ORIENTED_EDGE ( 'NONE', *, *, #754, .F. ) ;
#1258 = AXIS2_PLACEMENT_3D ( 'NONE', #19, #1063, #305 ) ;
#1259 = DIRECTION ( 'NONE',  ( 0.000000000000000000, -0.000000000000000000, -1.000000000000000000 ) ) ;
#1260 = ORIENTED_EDGE ( 'NONE', *, *, #627, .F. ) ;
#1261 = CARTESIAN_POINT ( 'NONE',  ( 1.525000000000000133, 3.465000000000000302, -0.5750000000000001776 ) ) ;
#1262 = EDGE_CURVE ( 'NONE', #1797, #1694, #1427, .T. ) ;
#1263 = TOROIDAL_SURFACE ( 'NONE', #1519, 0.6806034482758621662, 0.2550000000000000044 ) ;
#1264 = EDGE_LOOP ( 'NONE', ( #1556, #351 ) ) ;
#1265 = CARTESIAN_POINT ( 'NONE',  ( -0.9537680282263452103, 3.119313075542193392, 1.474569608028673873 ) ) ;
#1266 = FACE_OUTER_BOUND ( 'NONE', #518, .T. ) ;
#1267 = DIRECTION ( 'NONE',  ( 0.000000000000000000, 0.000000000000000000, 1.000000000000000000 ) ) ;
#1268 = VECTOR ( 'NONE', #1295, 1000.000000000000000 ) ;
#1269 = ORIENTED_EDGE ( 'NONE', *, *, #1110, .F. ) ;
#1270 = CARTESIAN_POINT ( 'NONE',  ( -1.317971926863394705, 3.464999999999999414, -1.590000000000000080 ) ) ;
#1271 = CIRCLE ( 'NONE', #1709, 1.014999999999999902 ) ;
#1272 = ORIENTED_EDGE ( 'NONE', *, *, #1034, .T. ) ;
#1273 = CARTESIAN_POINT ( 'NONE',  ( -1.950603448275862295, 0.000000000000000000, 0.000000000000000000 ) ) ;
#1274 = VECTOR ( 'NONE', #1090, 1000.000000000000000 ) ;
#1275 = ORIENTED_EDGE ( 'NONE', *, *, #1330, .T. ) ;
#1276 = VERTEX_POINT ( 'NONE', #1461 ) ;
#1277 = ADVANCED_FACE ( 'NONE', ( #738 ), #1418, .T. ) ;
#1278 = ORIENTED_EDGE ( 'NONE', *, *, #1387, .F. ) ;
#1279 = ORIENTED_EDGE ( 'NONE', *, *, #1765, .F. ) ;
#1280 = CARTESIAN_POINT ( 'NONE',  ( -1.615930387541195890, 1.470000000000000195, 0.000000000000000000 ) ) ;
#1281 = AXIS2_PLACEMENT_3D ( 'NONE', #610, #1790, #1835 ) ;
#1282 = CARTESIAN_POINT ( 'NONE',  ( -1.525000000000000133, 3.465000000000000302, 0.5750000000000001776 ) ) ;
#1283 = CYLINDRICAL_SURFACE ( 'NONE', #1258, 1.014999999999999680 ) ;
#1284 = CARTESIAN_POINT ( 'NONE',  ( -1.249183687641236329, 3.204790956647025180, -1.589999999999999858 ) ) ;
#1285 = CARTESIAN_POINT ( 'NONE',  ( -1.525000000000000577, 3.465000000000000302, -0.5750000000000001776 ) ) ;
#1286 = FACE_OUTER_BOUND ( 'NONE', #1690, .T. ) ;
#1287 = DIRECTION ( 'NONE',  ( -0.000000000000000000, -1.000000000000000000, -0.000000000000000000 ) ) ;
#1288 = EDGE_CURVE ( 'NONE', #329, #1450, #751, .T. ) ;
#1289 = DIRECTION ( 'NONE',  ( 1.000000000000000000, 0.000000000000000000, 0.000000000000000000 ) ) ;
#1290 = CARTESIAN_POINT ( 'NONE',  ( -1.269999999999999796, -5.000000000000000000, 0.000000000000000000 ) ) ;
#1291 = TOROIDAL_SURFACE ( 'NONE', #1882, 1.549166666666666581, 1.014999999999999902 ) ;
#1292 = CARTESIAN_POINT ( 'NONE',  ( 1.983421538461538791, 0.9350276923076926705, -3.122849337825750543E-17 ) ) ;
#1293 = DIRECTION ( 'NONE',  ( 0.000000000000000000, 0.000000000000000000, 1.000000000000000000 ) ) ;
#1294 = FACE_OUTER_BOUND ( 'NONE', #1903, .T. ) ;
#1295 = DIRECTION ( 'NONE',  ( 1.290716872006553520E-16, 1.000000000000000000, -0.000000000000000000 ) ) ;
#1296 = DIRECTION ( 'NONE',  ( 0.000000000000000000, 0.000000000000000000, 1.000000000000000000 ) ) ;
#1297 = LINE ( 'NONE', #66, #1268 ) ;
#1298 = PRODUCT_DEFINITION ( 'UNKNOWN', '', #1067, #811 ) ;
#1299 = CARTESIAN_POINT ( 'NONE',  ( -1.269999999999999574, 2.449999999999999734, 0.2550000000000000044 ) ) ;
#1300 = LINE ( 'NONE', #1372, #646 ) ;
#1301 = CARTESIAN_POINT ( 'NONE',  ( 1.317971926863394261, 3.465000000000000302, 1.590000000000000080 ) ) ;
#1302 = AXIS2_PLACEMENT_3D ( 'NONE', #1453, #130, #457 ) ;
#1303 = DIRECTION ( 'NONE',  ( 1.000000000000000000, 0.000000000000000000, 0.000000000000000000 ) ) ;
#1304 = CIRCLE ( 'NONE', #565, 0.5341666666666666785 ) ;
#1305 = CARTESIAN_POINT ( 'NONE',  ( -1.084977006819218159, 2.659764722811668758, -1.206973413756711189 ) ) ;
#1306 = CARTESIAN_POINT ( 'NONE',  ( 1.014999999999999902, -5.000000000000000000, 0.000000000000000000 ) ) ;
#1307 = AXIS2_PLACEMENT_3D ( 'NONE', #184, #1364, #361 ) ;
#1308 = TOROIDAL_SURFACE ( 'NONE', #101, 0.6806034482758621662, 0.2550000000000000044 ) ;
#1309 = CARTESIAN_POINT ( 'NONE',  ( -1.182832750097324803, 2.978048587594847696, -1.474569606546710432 ) ) ;
#1310 = EDGE_CURVE ( 'NONE', #1843, #493, #140, .T. ) ;
#1311 = DIRECTION ( 'NONE',  ( 0.000000000000000000, -0.000000000000000000, -1.000000000000000000 ) ) ;
#1312 = LINE ( 'NONE', #663, #602 ) ;
#1313 = CARTESIAN_POINT ( 'NONE',  ( -1.525000000000000133, 3.465000000000000302, 0.5750000000000001776 ) ) ;
#1314 = CARTESIAN_POINT ( 'NONE',  ( -1.270000000000000240, 0.000000000000000000, 0.000000000000000000 ) ) ;
#1315 = CYLINDRICAL_SURFACE ( 'NONE', #1516, 0.2550000000000000044 ) ;
#1316 = DIRECTION ( 'NONE',  ( -1.000000000000000000, 0.000000000000000000, 0.000000000000000000 ) ) ;
#1317 = CARTESIAN_POINT ( 'NONE',  ( -1.317971926863394705, 3.464999999999999414, -1.590000000000000080 ) ) ;
#1318 = ADVANCED_FACE ( 'NONE', ( #1421 ), #1625, .F. ) ;
#1319 = CARTESIAN_POINT ( 'NONE',  ( -1.192663769416112629, 3.246542403455042081, -1.572591140164983692 ) ) ;
#1320 = CIRCLE ( 'NONE', #81, 0.2550000000000000044 ) ;
#1321 = CARTESIAN_POINT ( 'NONE',  ( 1.014999999999999902, 2.450000000000000178, -0.7119084630736169927 ) ) ;
#1322 = AXIS2_PLACEMENT_3D ( 'NONE', #1096, #1254, #1140 ) ;
#1323 = FACE_OUTER_BOUND ( 'NONE', #481, .T. ) ;
#1324 = CARTESIAN_POINT ( 'NONE',  ( 1.524999999999999689, 2.000000000000000000, 3.122849337825750543E-17 ) ) ;
#1325 = EDGE_CURVE ( 'NONE', #514, #1920, #1431, .T. ) ;
#1326 = CARTESIAN_POINT ( 'NONE',  ( -1.525000000000000577, 7.839999999999999858, 1.590000000000000080 ) ) ;
#1327 = DIRECTION ( 'NONE',  ( -0.000000000000000000, -1.000000000000000000, -0.000000000000000000 ) ) ;
#1328 = EDGE_CURVE ( 'NONE', #245, #1248, #88, .T. ) ;
#1329 = VECTOR ( 'NONE', #1619, 1000.000000000000000 ) ;
#1330 = EDGE_CURVE ( 'NONE', #1276, #392, #93, .T. ) ;
#1331 = CARTESIAN_POINT ( 'NONE',  ( 0.5075000000000002842, 2.817500000000000782, 0.7109343704867494562 ) ) ;
#1332 = DIRECTION ( 'NONE',  ( 0.000000000000000000, 0.000000000000000000, -1.000000000000000000 ) ) ;
#1333 = CIRCLE ( 'NONE', #167, 0.04499999999999903383 ) ;
#1334 = DIRECTION ( 'NONE',  ( 0.000000000000000000, -1.000000000000000000, 0.000000000000000000 ) ) ;
#1335 = CARTESIAN_POINT ( 'NONE',  ( 1.317971926863390930, 3.465000000000000302, 1.590000000000000080 ) ) ;
#1336 = CIRCLE ( 'NONE', #1175, 0.2550000000000000044 ) ;
#1337 = CARTESIAN_POINT ( 'NONE',  ( 0.000000000000000000, 2.650833333333333375, 1.590000000000000080 ) ) ;
#1338 = CARTESIAN_POINT ( 'NONE',  ( -1.317971926863391374, 3.464999999999999414, -1.590000000000000080 ) ) ;
#1339 = CARTESIAN_POINT ( 'NONE',  ( -1.269999999999999574, 2.449999999999999734, 0.000000000000000000 ) ) ;
#1340 = UNCERTAINTY_MEASURE_WITH_UNIT (LENGTH_MEASURE( 1.000000000000000082E-05 ), #199, 'distance_accuracy_value', 'NONE');
#1341 = AXIS2_PLACEMENT_3D ( 'NONE', #142, #1933, #743 ) ;
#1342 = DIRECTION ( 'NONE',  ( -1.000000000000000000, -0.000000000000000000, -0.000000000000000000 ) ) ;
#1343 = DIRECTION ( 'NONE',  ( 0.9154160183684295626, -0.4025090226497925472, -0.000000000000000000 ) ) ;
#1344 = EDGE_CURVE ( 'NONE', #1857, #270, #728, .T. ) ;
#1345 = FACE_OUTER_BOUND ( 'NONE', #1244, .T. ) ;
#1346 = CARTESIAN_POINT ( 'NONE',  ( 1.054609351342063128, 2.567588401587049152, -1.054263804548525751 ) ) ;
#1347 = DIRECTION ( 'NONE',  ( 0.000000000000000000, 0.000000000000000000, 1.000000000000000000 ) ) ;
#1348 = ADVANCED_FACE ( 'NONE', ( #1373 ), #735, .T. ) ;
#1349 = CIRCLE ( 'NONE', #685, 1.014999999999999902 ) ;
#1350 = CARTESIAN_POINT ( 'NONE',  ( -1.317971926863394705, 3.464999999999999414, -1.590000000000000080 ) ) ;
#1351 = CARTESIAN_POINT ( 'NONE',  ( 1.269999999999999574, 2.000000000000000000, 0.000000000000000000 ) ) ;
#1352 = CIRCLE ( 'NONE', #1637, 0.2550000000000000044 ) ;
#1353 = DIRECTION ( 'NONE',  ( 0.000000000000000000, 0.000000000000000000, -1.000000000000000000 ) ) ;
#1354 = CARTESIAN_POINT ( 'NONE',  ( 0.6281898348093254425, 2.450000221624940799, 0.7620051628832638091 ) ) ;
#1355 = PRODUCT_CONTEXT ( 'NONE', #739, 'mechanical' ) ;
#1356 = VECTOR ( 'NONE', #1032, 1000.000000000000000 ) ;
#1357 = DIRECTION ( 'NONE',  ( -1.000000000000000000, 0.000000000000000000, 0.000000000000000000 ) ) ;
#1358 =( GEOMETRIC_REPRESENTATION_CONTEXT ( 3 ) GLOBAL_UNCERTAINTY_ASSIGNED_CONTEXT ( ( #1203 ) ) GLOBAL_UNIT_ASSIGNED_CONTEXT ( ( #1184, #330, #467 ) ) REPRESENTATION_CONTEXT ( 'NONE', 'WORKASPACE' ) );
#1359 = CARTESIAN_POINT ( 'NONE',  ( -0.6910873368636082370, 2.924493464052230429, -1.205956901530622183 ) ) ;
#1360 = ADVANCED_FACE ( 'NONE', ( #741 ), #103, .T. ) ;
#1361 = CARTESIAN_POINT ( 'NONE',  ( -0.6281898348093254425, 2.450000221624940799, 0.7620051628832638091 ) ) ;
#1362 = CYLINDRICAL_SURFACE ( 'NONE', #914, 1.015000000000000568 ) ;
#1363 = AXIS2_PLACEMENT_3D ( 'NONE', #1534, #466, #609 ) ;
#1364 = DIRECTION ( 'NONE',  ( 0.9154160183684295626, 0.4025090226497926027, 0.000000000000000000 ) ) ;
#1365 = DIRECTION ( 'NONE',  ( -1.000000000000000000, 0.000000000000000000, -0.000000000000000000 ) ) ;
#1366 = CARTESIAN_POINT ( 'NONE',  ( 1.015000000000000124, 2.984166666666666856, -0.5750000000000001776 ) ) ;
#1367 = CARTESIAN_POINT ( 'NONE',  ( 0.8658128564571563324, 3.049462758030458076, 1.406801264968067899 ) ) ;
#1368 = EDGE_CURVE ( 'NONE', #1812, #905, #745, .T. ) ;
#1369 = DIRECTION ( 'NONE',  ( -0.000000000000000000, -0.000000000000000000, -1.000000000000000000 ) ) ;
#1370 = CYLINDRICAL_SURFACE ( 'NONE', #1575, 0.2550000000000000044 ) ;
#1371 = VECTOR ( 'NONE', #267, 1000.000000000000000 ) ;
#1372 = CARTESIAN_POINT ( 'NONE',  ( -1.525000000000000133, 3.465000000000000302, -1.590000000000000080 ) ) ;
#1373 = FACE_OUTER_BOUND ( 'NONE', #1793, .T. ) ;
#1374 = CARTESIAN_POINT ( 'NONE',  ( -1.269999999999999574, 2.449999999999999734, 0.000000000000000000 ) ) ;
#1375 = DIRECTION ( 'NONE',  ( 1.000000000000000000, 0.000000000000000000, 0.000000000000000000 ) ) ;
#1376 = ADVANCED_FACE ( 'NONE', ( #1391 ), #724, .T. ) ;
#1377 = VECTOR ( 'NONE', #530, 1000.000000000000000 ) ;
#1378 = DIRECTION ( 'NONE',  ( -1.000000000000000000, 0.000000000000000000, 0.000000000000000000 ) ) ;
#1379 = CARTESIAN_POINT ( 'NONE',  ( -1.950603448275862295, 0.000000000000000000, 0.000000000000000000 ) ) ;
#1380 = CARTESIAN_POINT ( 'NONE',  ( 1.525000000000000577, 7.839999999999999858, 0.5750000000000006217 ) ) ;
#1381 = AXIS2_PLACEMENT_3D ( 'NONE', #1774, #1027, #450 ) ;
#1382 = DIRECTION ( 'NONE',  ( -0.000000000000000000, -0.000000000000000000, -1.000000000000000000 ) ) ;
#1383 = AXIS2_PLACEMENT_3D ( 'NONE', #188, #1342, #364 ) ;
#1384 = CARTESIAN_POINT ( 'NONE',  ( -0.6115574210430784197, 2.876245113788407970, 1.054263803355530271 ) ) ;
#1385 = LINE ( 'NONE', #557, #1412 ) ;
#1386 = DIRECTION ( 'NONE',  ( 0.000000000000000000, 0.000000000000000000, 1.000000000000000000 ) ) ;
#1387 = EDGE_CURVE ( 'NONE', #1276, #898, #794, .T. ) ;
#1388 = TOROIDAL_SURFACE ( 'NONE', #1400, 0.5789717345613348831, 0.2550000000000000044 ) ;
#1389 = DIRECTION ( 'NONE',  ( 1.000000000000000000, 1.290716872006553520E-16, -0.000000000000000000 ) ) ;
#1390 = CARTESIAN_POINT ( 'NONE',  ( -1.950603448275862295, 0.000000000000000000, 3.122849337825750543E-17 ) ) ;
#1391 = FACE_OUTER_BOUND ( 'NONE', #505, .T. ) ;
#1392 = DIRECTION ( 'NONE',  ( 0.000000000000000000, -0.000000000000000000, -1.000000000000000000 ) ) ;
#1393 = CARTESIAN_POINT ( 'NONE',  ( -1.192663769416134167, 3.246542403455028758, 1.572591140164976364 ) ) ;
#1394 = FACE_OUTER_BOUND ( 'NONE', #344, .T. ) ;
#1395 = ADVANCED_FACE ( 'NONE', ( #157 ), #858, .T. ) ;
#1396 = DIRECTION ( 'NONE',  ( 0.000000000000000000, 0.000000000000000000, -1.000000000000000000 ) ) ;
#1397 = COLOUR_RGB ( '',0.7921568627450980005, 0.8196078431372548767, 0.9333333333333333481 ) ;
#1398 = CARTESIAN_POINT ( 'NONE',  ( 1.173682310457601519, 2.943707942625480634, 1.485360686878315351 ) ) ;
#1399 = CARTESIAN_POINT ( 'NONE',  ( -1.615930387541195890, 1.470000000000000195, 0.000000000000000000 ) ) ;
#1400 = AXIS2_PLACEMENT_3D ( 'NONE', #113, #853, #720 ) ;
#1401 = CARTESIAN_POINT ( 'NONE',  ( 1.718570188316893121, 1.703431084683949770, -3.122849337825751159E-17 ) ) ;
#1402 = DIRECTION ( 'NONE',  ( -1.000000000000000000, 1.290716872006553520E-16, 0.000000000000000000 ) ) ;
#1403 = EDGE_CURVE ( 'NONE', #869, #1116, #790, .T. ) ;
#1404 = EDGE_CURVE ( 'NONE', #1849, #1866, #855, .T. ) ;
#1405 = CARTESIAN_POINT ( 'NONE',  ( -1.269999999999999574, 2.000000000000000000, -0.2550000000000000044 ) ) ;
#1406 = EDGE_CURVE ( 'NONE', #931, #1226, #187, .T. ) ;
#1407 = DIRECTION ( 'NONE',  ( 1.000000000000000000, 0.000000000000000000, -0.000000000000000000 ) ) ;
#1408 = ADVANCED_FACE ( 'NONE', ( #1443 ), #1744, .F. ) ;
#1409 = CARTESIAN_POINT ( 'NONE',  ( -1.525000000000000133, 3.465000000000000302, -0.5749999999999997335 ) ) ;
#1410 = SURFACE_STYLE_FILL_AREA ( #1535 ) ;
#1411 = DIRECTION ( 'NONE',  ( 0.000000000000000000, 0.000000000000000000, 1.000000000000000000 ) ) ;
#1412 = VECTOR ( 'NONE', #707, 1000.000000000000000 ) ;
#1413 = CARTESIAN_POINT ( 'NONE',  ( 1.525000000000000133, 2.449999999999999734, 1.590000000000000080 ) ) ;
#1414 = DIRECTION ( 'NONE',  ( 0.000000000000000000, 0.000000000000000000, 1.000000000000000000 ) ) ;
#1415 = VECTOR ( 'NONE', #1609, 1000.000000000000000 ) ;
#1416 = AXIS2_PLACEMENT_3D ( 'NONE', #504, #665, #800 ) ;
#1417 = FILL_AREA_STYLE ('',( #1730 ) ) ;
#1418 = CYLINDRICAL_SURFACE ( 'NONE', #1122, 1.014999999999999902 ) ;
#1419 = CARTESIAN_POINT ( 'NONE',  ( 1.015000000000000124, 2.449999999999999734, 0.5750000000000006217 ) ) ;
#1420 = CARTESIAN_POINT ( 'NONE',  ( -0.5075000000000002842, 2.817499999999999449, -0.5749999999999989564 ) ) ;
#1421 = FACE_OUTER_BOUND ( 'NONE', #1196, .T. ) ;
#1422 = ADVANCED_FACE ( 'NONE', ( #828 ), #145, .T. ) ;
#1423 = CARTESIAN_POINT ( 'NONE',  ( -0.7464739589717862556, 2.963487505259462029, -1.272867401847624702 ) ) ;
#1424 = DIRECTION ( 'NONE',  ( 1.000000000000000000, 0.000000000000000000, 0.000000000000000000 ) ) ;
#1425 = EDGE_CURVE ( 'NONE', #493, #1558, #848, .T. ) ;
#1426 = CIRCLE ( 'NONE', #1642, 0.2550000000000000044 ) ;
#1427 = LINE ( 'NONE', #865, #1371 ) ;
#1428 = CARTESIAN_POINT ( 'NONE',  ( 1.848971734561334568, 2.000000000000000000, 0.000000000000000000 ) ) ;
#1429 = DIRECTION ( 'NONE',  ( 0.000000000000000000, 1.000000000000000000, 0.000000000000000000 ) ) ;
#1430 = CARTESIAN_POINT ( 'NONE',  ( -1.015000000000000346, 2.449999999999999734, 0.7119084630736169927 ) ) ;
#1431 = LINE ( 'NONE', #1065, #137 ) ;
#1432 = FACE_OUTER_BOUND ( 'NONE', #542, .T. ) ;
#1433 = CIRCLE ( 'NONE', #46, 1.014999999999999902 ) ;
#1434 = DIRECTION ( 'NONE',  ( 1.290716872006553520E-16, 1.000000000000000000, -0.000000000000000000 ) ) ;
#1435 = CARTESIAN_POINT ( 'NONE',  ( 1.525000000000000577, 3.465000000000000302, -1.590000000000000080 ) ) ;
#1436 = VECTOR ( 'NONE', #868, 1000.000000000000000 ) ;
#1437 = DIRECTION ( 'NONE',  ( 0.000000000000000000, 1.000000000000000000, 0.000000000000000000 ) ) ;
#1438 = FACE_OUTER_BOUND ( 'NONE', #279, .T. ) ;
#1439 = AXIS2_PLACEMENT_3D ( 'NONE', #1935, #764, #562 ) ;
#1440 = CIRCLE ( 'NONE', #1493, 1.015000000000000568 ) ;
#1441 = DIRECTION ( 'NONE',  ( 0.000000000000000000, 0.000000000000000000, -1.000000000000000000 ) ) ;
#1442 = CARTESIAN_POINT ( 'NONE',  ( -1.024680236116467524, 2.477913317847500352, 0.8469261337504807585 ) ) ;
#1443 = FACE_OUTER_BOUND ( 'NONE', #1264, .T. ) ;
#1444 = AXIS2_PLACEMENT_3D ( 'NONE', #1894, #1733, #1591 ) ;
#1445 = ORIENTED_EDGE ( 'NONE', *, *, #630, .F. ) ;
#1446 = LINE ( 'NONE', #1129, #1436 ) ;
#1447 = DIRECTION ( 'NONE',  ( -0.4025090226497925472, -0.9154160183684295626, 0.000000000000000000 ) ) ;
#1448 = DIRECTION ( 'NONE',  ( -1.000000000000000000, 0.000000000000000000, 0.000000000000000000 ) ) ;
#1449 = AXIS2_PLACEMENT_3D ( 'NONE', #419, #85, #1750 ) ;
#1450 = VERTEX_POINT ( 'NONE', #272 ) ;
#1451 = CARTESIAN_POINT ( 'NONE',  ( -1.091524215578067558, 2.681250498854357289, -1.223465800450275642 ) ) ;
#1452 = EDGE_CURVE ( 'NONE', #1843, #553, #838, .T. ) ;
#1453 = CARTESIAN_POINT ( 'NONE',  ( -1.015000000000000124, 2.984166666666666856, 1.590000000000000080 ) ) ;
#1454 = CIRCLE ( 'NONE', #313, 0.04499999999999903383 ) ;
#1455 = DIRECTION ( 'NONE',  ( 1.000000000000000000, 0.000000000000000000, 0.000000000000000000 ) ) ;
#1456 = DIRECTION ( 'NONE',  ( 0.000000000000000000, 0.000000000000000000, 1.000000000000000000 ) ) ;
#1457 = ORIENTED_EDGE ( 'NONE', *, *, #792, .T. ) ;
#1458 = ORIENTED_EDGE ( 'NONE', *, *, #360, .T. ) ;
#1459 = CIRCLE ( 'NONE', #455, 0.9356034482758620596 ) ;
#1460 = CARTESIAN_POINT ( 'NONE',  ( 0.6281898348092951334, 2.450000221624941243, -0.7620051628832604784 ) ) ;
#1461 = CARTESIAN_POINT ( 'NONE',  ( 1.525000000000000577, 0.000000000000000000, -3.122849337825756089E-17 ) ) ;
#1462 = ORIENTED_EDGE ( 'NONE', *, *, #1236, .T. ) ;
#1463 = CYLINDRICAL_SURFACE ( 'NONE', #761, 0.2550000000000000044 ) ;
#1464 = DIRECTION ( 'NONE',  ( 0.000000000000000000, 0.000000000000000000, 1.000000000000000000 ) ) ;
#1465 = AXIS2_PLACEMENT_3D ( 'NONE', #1138, #1721, #1303 ) ;
#1466 = DIRECTION ( 'NONE',  ( 0.000000000000000000, 0.000000000000000000, 1.000000000000000000 ) ) ;
#1467 = ORIENTED_EDGE ( 'NONE', *, *, #1310, .F. ) ;
#1468 = DIRECTION ( 'NONE',  ( 1.000000000000000000, 0.000000000000000000, 0.000000000000000000 ) ) ;
#1469 = MECHANICAL_DESIGN_GEOMETRIC_PRESENTATION_REPRESENTATION (  '', ( #1229 ), #1358 ) ;
#1470 = CARTESIAN_POINT ( 'NONE',  ( 0.9930514000798442709, 2.935493083818583759, 1.452952208383566868 ) ) ;
#1471 = TOROIDAL_SURFACE ( 'NONE', #1119, 0.2999999999999991007, 0.2550000000000000044 ) ;
#1472 = EDGE_CURVE ( 'NONE', #1824, #1638, #830, .T. ) ;
#1473 = CARTESIAN_POINT ( 'NONE',  ( 1.026183785389820580, 2.482265453211269346, -0.8643497810750357946 ) ) ;
#1474 = EDGE_CURVE ( 'NONE', #493, #1849, #1433, .T. ) ;
#1475 = EDGE_LOOP ( 'NONE', ( #1704, #1517, #1279, #1188 ) ) ;
#1476 = EDGE_CURVE ( 'NONE', #1610, #1785, #173, .T. ) ;
#1477 = FACE_OUTER_BOUND ( 'NONE', #920, .T. ) ;
#1478 = CARTESIAN_POINT ( 'NONE',  ( -1.317971926863391374, 3.464999999999999414, -1.590000000000000080 ) ) ;
#1479 = ADVANCED_FACE ( 'NONE', ( #826 ), #799, .T. ) ;
#1480 = DIRECTION ( 'NONE',  ( 0.000000000000000000, 1.000000000000000000, 0.000000000000000000 ) ) ;
#1481 = ORIENTED_EDGE ( 'NONE', *, *, #575, .T. ) ;
#1482 = CIRCLE ( 'NONE', #1199, 0.2550000000000000044 ) ;
#1483 = CARTESIAN_POINT ( 'NONE',  ( 1.269999999999999574, 2.000000000000000000, 0.000000000000000000 ) ) ;
#1484 = EDGE_LOOP ( 'NONE', ( #1830, #1544, #252 ) ) ;
#1485 = VECTOR ( 'NONE', #1632, 1000.000000000000227 ) ;
#1486 = APPLICATION_PROTOCOL_DEFINITION ( 'draft international standard', 'automotive_design', 1998, #739 ) ;
#1487 = ORIENTED_EDGE ( 'NONE', *, *, #461, .T. ) ;
#1488 = FACE_OUTER_BOUND ( 'NONE', #378, .T. ) ;
#1489 = DIRECTION ( 'NONE',  ( 0.000000000000000000, 0.000000000000000000, 1.000000000000000000 ) ) ;
#1490 = DIRECTION ( 'NONE',  ( -1.000000000000000000, 0.000000000000000000, 0.000000000000000000 ) ) ;
#1491 = VERTEX_POINT ( 'NONE', #1317 ) ;
#1492 = LINE ( 'NONE', #1413, #1496 ) ;
#1493 = AXIS2_PLACEMENT_3D ( 'NONE', #494, #1382, #1727 ) ;
#1494 = CARTESIAN_POINT ( 'NONE',  ( -0.8497696737019012625, 3.037161279036305395, -1.392693478167060128 ) ) ;
#1495 = DIRECTION ( 'NONE',  ( 0.000000000000000000, -0.000000000000000000, 1.000000000000000000 ) ) ;
#1496 = VECTOR ( 'NONE', #1392, 1000.000000000000000 ) ;
#1497 = PRESENTATION_LAYER_ASSIGNMENT (  '', '', ( #1919 ) ) ;
#1498 = DIRECTION ( 'NONE',  ( 0.000000000000000000, 0.000000000000000000, 1.000000000000000000 ) ) ;
#1499 = CARTESIAN_POINT ( 'NONE',  ( 1.150103826613646296, 2.868776499236308286, 1.406801269337962346 ) ) ;
#1500 = ORIENTED_EDGE ( 'NONE', *, *, #385, .T. ) ;
#1501 = FACE_OUTER_BOUND ( 'NONE', #572, .T. ) ;
#1502 = EDGE_CURVE ( 'NONE', #553, #988, #1446, .T. ) ;
#1503 = ORIENTED_EDGE ( 'NONE', *, *, #923, .T. ) ;
#1504 = EDGE_CURVE ( 'NONE', #1232, #367, #1459, .T. ) ;
#1505 = CARTESIAN_POINT ( 'NONE',  ( 0.7094088226282565524, 2.938350511022096434, -1.223465798671622862 ) ) ;
#1506 = ORIENTED_EDGE ( 'NONE', *, *, #445, .F. ) ;
#1507 = CIRCLE ( 'NONE', #1780, 0.2550000000000000044 ) ;
#1508 = DIRECTION ( 'NONE',  ( -0.000000000000000000, -1.000000000000000000, -0.000000000000000000 ) ) ;
#1509 = CARTESIAN_POINT ( 'NONE',  ( -0.5075000000000002842, 2.817499999999999449, 0.5750000000000010658 ) ) ;
#1510 = EDGE_LOOP ( 'NONE', ( #1167, #1251, #913, #1053, #408 ) ) ;
#1511 = CIRCLE ( 'NONE', #784, 1.015000000000000568 ) ;
#1512 = DIRECTION ( 'NONE',  ( 1.000000000000000000, 0.000000000000000000, 0.000000000000000000 ) ) ;
#1513 = DIRECTION ( 'NONE',  ( -1.068179480281285148E-15, -0.000000000000000000, -1.000000000000000000 ) ) ;
#1514 = CARTESIAN_POINT ( 'NONE',  ( 1.061060837003740653, 3.036893186617432683, 1.504319630690582832 ) ) ;
#1515 = ADVANCED_FACE ( 'NONE', ( #152 ), #160, .T. ) ;
#1516 = AXIS2_PLACEMENT_3D ( 'NONE', #1314, #1112, #1747 ) ;
#1517 = ORIENTED_EDGE ( 'NONE', *, *, #499, .T. ) ;
#1518 = CARTESIAN_POINT ( 'NONE',  ( -1.026183785389812808, 2.482265453211267570, 0.8643497810750300214 ) ) ;
#1519 = AXIS2_PLACEMENT_3D ( 'NONE', #770, #1259, #937 ) ;
#1520 = ORIENTED_EDGE ( 'NONE', *, *, #1865, .T. ) ;
#1521 = LINE ( 'NONE', #719, #470 ) ;
#1522 = DIRECTION ( 'NONE',  ( 0.000000000000000000, 0.000000000000000000, -1.000000000000000000 ) ) ;
#1523 = CARTESIAN_POINT ( 'NONE',  ( 2.105752706794937090, 1.254624805510528462, 0.000000000000000000 ) ) ;
#1524 = ORIENTED_EDGE ( 'NONE', *, *, #1525, .F. ) ;
#1525 = EDGE_CURVE ( 'NONE', #884, #1582, #177, .T. ) ;
#1526 = ORIENTED_EDGE ( 'NONE', *, *, #896, .T. ) ;
#1527 = CARTESIAN_POINT ( 'NONE',  ( 1.525000000000000133, 2.449999999999999734, -0.5750000000000001776 ) ) ;
#1528 = ADVANCED_FACE ( 'NONE', ( #1501 ), #818, .T. ) ;
#1529 = CARTESIAN_POINT ( 'NONE',  ( 1.513290586765498880, 1.236568915316050621, 0.000000000000000000 ) ) ;
#1530 = ORIENTED_EDGE ( 'NONE', *, *, #29, .F. ) ;
#1531 = CARTESIAN_POINT ( 'NONE',  ( -1.066062291051197874, 2.602361941701989423, 1.114098094297780506 ) ) ;
#1532 = ORIENTED_EDGE ( 'NONE', *, *, #174, .F. ) ;
#1533 = DIRECTION ( 'NONE',  ( 1.000000000000000000, 0.000000000000000000, 0.000000000000000000 ) ) ;
#1534 = CARTESIAN_POINT ( 'NONE',  ( 1.848971734561334568, 2.000000000000000000, 3.122849337825750543E-17 ) ) ;
#1535 = FILL_AREA_STYLE ('',( #996 ) ) ;
#1536 = ORIENTED_EDGE ( 'NONE', *, *, #1330, .F. ) ;
#1537 = AXIS2_PLACEMENT_3D ( 'NONE', #873, #1816, #258 ) ;
#1538 = PRODUCT_DEFINITION_CONTEXT ( 'detailed design', #1035, 'design' ) ;
#1539 = ORIENTED_EDGE ( 'NONE', *, *, #104, .F. ) ;
#1540 = DIRECTION ( 'NONE',  ( -0.000000000000000000, -0.000000000000000000, -1.000000000000000000 ) ) ;
#1541 = LINE ( 'NONE', #725, #927 ) ;
#1542 = AXIS2_PLACEMENT_3D ( 'NONE', #201, #380, #675 ) ;
#1543 = CARTESIAN_POINT ( 'NONE',  ( -1.525000000000000133, 3.465000000000000302, 1.590000000000000080 ) ) ;
#1544 = ORIENTED_EDGE ( 'NONE', *, *, #1587, .F. ) ;
#1545 = TOROIDAL_SURFACE ( 'NONE', #349, 0.6806034482758621662, 0.2550000000000000044 ) ;
#1546 = AXIS2_PLACEMENT_3D ( 'NONE', #1483, #1665, #1789 ) ;
#1547 = CARTESIAN_POINT ( 'NONE',  ( -1.250543736025130359, 3.214652887354279898, 1.566803144911290468 ) ) ;
#1548 = ORIENTED_EDGE ( 'NONE', *, *, #1404, .F. ) ;
#1549 = DIRECTION ( 'NONE',  ( -1.000000000000000000, 0.000000000000000000, 0.000000000000000000 ) ) ;
#1550 = CIRCLE ( 'NONE', #25, 0.2550000000000000044 ) ;
#1551 = CARTESIAN_POINT ( 'NONE',  ( 1.317971926863394705, 3.464999999999999414, -1.590000000000000080 ) ) ;
#1552 = EDGE_CURVE ( 'NONE', #1116, #1127, #851, .T. ) ;
#1553 =( BOUNDED_SURFACE ( )  B_SPLINE_SURFACE ( 3, 2, ( 
 ( #1570, #1732, #403 ),
 ( #528, #1460, #1670 ),
 ( #760, #616, #1473 ),
 ( #890, #2, #1346 ),
 ( #1639, #1782, #919 ),
 ( #1505, #1069, #879 ),
 ( #1060, #153, #16 ),
 ( #1770, #753, #1037 ),
 ( #1927, #904, #112 ),
 ( #864, #166, #265 ),
 ( #1202, #1795, #138 ),
 ( #1655, #28, #282 ) ),
 .UNSPECIFIED., .F., .F., .F. ) 
 B_SPLINE_SURFACE_WITH_KNOTS ( ( 4, 2, 2, 2, 2, 4 ),
 ( 3, 3 ),
 ( 0.000000000000000000, 0.0002047481695082448822, 0.0003071222542623672962, 0.0004094963390164897644, 0.0006142445085247345924, 0.0008189926780329795288 ),
 ( 0.000000000000000000, 1.000000000000000000 ),
 .UNSPECIFIED. ) 
 GEOMETRIC_REPRESENTATION_ITEM ( )  RATIONAL_B_SPLINE_SURFACE ( (
 ( 1.000000000000000000, 0.8099421215430210319, 1.000000000000000000),
 ( 1.000000000000000000, 0.8093771051200585598, 1.000000000000000000),
 ( 1.000000000000000000, 0.8274759051470069737, 1.000000000000000000),
 ( 1.000000000000000000, 0.8631689165586515777, 1.000000000000000000),
 ( 1.000000000000000000, 0.8765243711552092032, 1.000000000000000000),
 ( 1.000000000000000000, 0.9027657054354244481, 1.000000000000000000),
 ( 1.000000000000000000, 0.9155892743696152358, 1.000000000000000000),
 ( 1.000000000000000000, 0.9511111969373307051, 1.000000000000000000),
 ( 1.000000000000000000, 0.9699516876407353605, 1.000000000000000000),
 ( 1.000000000000000000, 0.9944622783415254519, 1.000000000000000000),
 ( 1.000000000000000000, 0.9999759298141821517, 1.000000000000000000),
 ( 1.000000000000000000, 1.000000000000000000, 1.000000000000000000) ) ) 
 REPRESENTATION_ITEM ( '' )  SURFACE ( )  );
#1554 = CARTESIAN_POINT ( 'NONE',  ( 1.024680236116467524, 2.477913317847500352, 0.8469261337504807585 ) ) ;
#1555 = CARTESIAN_POINT ( 'NONE',  ( -1.525000000000001021, 6.824999999999999289, -0.5750000000000001776 ) ) ;
#1556 = ORIENTED_EDGE ( 'NONE', *, *, #769, .T. ) ;
#1557 = UNCERTAINTY_MEASURE_WITH_UNIT (LENGTH_MEASURE( 1.000000000000000082E-05 ), #1723, 'distance_accuracy_value', 'NONE');
#1558 = VERTEX_POINT ( 'NONE', #1091 ) ;
#1559 = ADVANCED_FACE ( 'NONE', ( #821 ), #677, .T. ) ;
#1560 = EDGE_LOOP ( 'NONE', ( #1644, #158, #335, #975, #1651 ) ) ;
#1561 = DIRECTION ( 'NONE',  ( -1.000000000000000000, -0.000000000000000000, -0.000000000000000000 ) ) ;
#1562 = ORIENTED_EDGE ( 'NONE', *, *, #1425, .T. ) ;
#1563 = DIRECTION ( 'NONE',  ( -8.537024980200821325E-17, -1.000000000000000000, 0.000000000000000000 ) ) ;
#1564 = ORIENTED_EDGE ( 'NONE', *, *, #1152, .T. ) ;
#1565 = ORIENTED_EDGE ( 'NONE', *, *, #1765, .T. ) ;
#1566 = CARTESIAN_POINT ( 'NONE',  ( 1.317971926863394705, 3.464999999999999414, -1.590000000000000080 ) ) ;
#1567 = ORIENTED_EDGE ( 'NONE', *, *, #1748, .T. ) ;
#1568 = DIRECTION ( 'NONE',  ( 1.000000000000000000, -0.000000000000000000, -0.000000000000000000 ) ) ;
#1569 = CARTESIAN_POINT ( 'NONE',  ( 2.208392507570634322, 1.488055890194478259, -3.122849337825751159E-17 ) ) ;
#1570 = CARTESIAN_POINT ( 'NONE',  ( 0.5075000000000001732, 2.817499999999999893, -0.5749999999999999556 ) ) ;
#1571 = DIRECTION ( 'NONE',  ( 0.000000000000000000, 0.000000000000000000, 1.000000000000000000 ) ) ;
#1572 = ORIENTED_EDGE ( 'NONE', *, *, #632, .F. ) ;
#1573 = ORIENTED_EDGE ( 'NONE', *, *, #1154, .T. ) ;
#1574 = CIRCLE ( 'NONE', #1000, 1.014999999999999902 ) ;
#1575 = AXIS2_PLACEMENT_3D ( 'NONE', #1115, #1106, #1011 ) ;
#1576 = VERTEX_POINT ( 'NONE', #1134 ) ;
#1577 = CARTESIAN_POINT ( 'NONE',  ( -0.7573580019899447402, 2.613172181079120193, -1.140722001377326933 ) ) ;
#1578 = VERTEX_POINT ( 'NONE', #1245 ) ;
#1579 = CARTESIAN_POINT ( 'NONE',  ( -1.985000000000000320, 0.9799999999999999822, -3.122849337825750543E-17 ) ) ;
#1580 = ORIENTED_EDGE ( 'NONE', *, *, #1072, .F. ) ;
#1581 = EDGE_CURVE ( 'NONE', #1127, #324, #211, .T. ) ;
#1582 = VERTEX_POINT ( 'NONE', #1717 ) ;
#1583 = LINE ( 'NONE', #912, #940 ) ;
#1584 = EDGE_CURVE ( 'NONE', #1610, #1629, #810, .T. ) ;
#1585 = DIRECTION ( 'NONE',  ( 0.000000000000000000, 0.000000000000000000, 1.000000000000000000 ) ) ;
#1586 = ORIENTED_EDGE ( 'NONE', *, *, #1328, .F. ) ;
#1587 = EDGE_CURVE ( 'NONE', #1622, #1879, #1440, .T. ) ;
#1588 = FACE_OUTER_BOUND ( 'NONE', #948, .T. ) ;
#1589 =( NAMED_UNIT ( * ) PLANE_ANGLE_UNIT ( ) SI_UNIT ( $, .RADIAN. ) );
#1590 = CARTESIAN_POINT ( 'NONE',  ( 1.059684764716200434, 2.582686985301521521, 1.094430153526917859 ) ) ;
#1591 = DIRECTION ( 'NONE',  ( 0.000000000000000000, -0.000000000000000000, 1.000000000000000000 ) ) ;
#1592 = ORIENTED_EDGE ( 'NONE', *, *, #11, .F. ) ;
#1593 = ORIENTED_EDGE ( 'NONE', *, *, #68, .T. ) ;
#1594 = ORIENTED_EDGE ( 'NONE', *, *, #146, .T. ) ;
#1595 = CARTESIAN_POINT ( 'NONE',  ( -0.8913674833830502742, 2.792156275597315052, -1.343716306846348463 ) ) ;
#1596 = ORIENTED_EDGE ( 'NONE', *, *, #360, .F. ) ;
#1597 = FACE_OUTER_BOUND ( 'NONE', #980, .T. ) ;
#1598 = CARTESIAN_POINT ( 'NONE',  ( -1.615930387541195890, 1.469999999999999973, 0.000000000000000000 ) ) ;
#1599 =( LENGTH_UNIT ( ) NAMED_UNIT ( * ) SI_UNIT ( .MILLI., .METRE. ) );
#1600 = DIRECTION ( 'NONE',  ( 0.000000000000000000, 0.000000000000000000, 1.000000000000000000 ) ) ;
#1601 = ORIENTED_EDGE ( 'NONE', *, *, #1691, .T. ) ;
#1602 = PLANE ( 'NONE',  #354 ) ;
#1603 = B_SPLINE_CURVE_WITH_KNOTS ( 'NONE', 3,
 ( #1270, #1284, #501, #1305, #391, #1862, #683, #73 ),
 .UNSPECIFIED., .F., .F.,
 ( 4, 2, 2, 4 ),
 ( -6.696733730146018253E-06, 0.0008007429943039704422, 0.001204462858321028729, 0.001608182722338087015 ),
 .UNSPECIFIED. ) ;
#1604 = ORIENTED_EDGE ( 'NONE', *, *, #1472, .T. ) ;
#1605 = ORIENTED_EDGE ( 'NONE', *, *, #1328, .T. ) ;
#1606 = AXIS2_PLACEMENT_3D ( 'NONE', #1763, #1043, #1441 ) ;
#1607 = CARTESIAN_POINT ( 'NONE',  ( 0.5075000000000002842, 2.817499999999999449, -0.5749999999999989564 ) ) ;
#1608 = CARTESIAN_POINT ( 'NONE',  ( 1.525000000000000577, 6.824999999999999289, 1.590000000000000080 ) ) ;
#1609 = DIRECTION ( 'NONE',  ( -1.000000000000000000, -0.000000000000000000, -0.000000000000000000 ) ) ;
#1610 = VERTEX_POINT ( 'NONE', #1529 ) ;
#1611 = CIRCLE ( 'NONE', #163, 1.014999999999999902 ) ;
#1612 = AXIS2_PLACEMENT_3D ( 'NONE', #1910, #200, #224 ) ;
#1613 = DIRECTION ( 'NONE',  ( 0.000000000000000000, 1.000000000000000000, 0.000000000000000000 ) ) ;
#1614 = EDGE_CURVE ( 'NONE', #1638, #1772, #182, .T. ) ;
#1615 = CARTESIAN_POINT ( 'NONE',  ( -1.985000000000000320, 0.9799999999999999822, 0.000000000000000000 ) ) ;
#1616 = EDGE_LOOP ( 'NONE', ( #171, #1621, #1643 ) ) ;
#1617 = ORIENTED_EDGE ( 'NONE', *, *, #149, .F. ) ;
#1618 = EDGE_LOOP ( 'NONE', ( #1200, #1769, #577, #1779 ) ) ;
#1619 = DIRECTION ( 'NONE',  ( -0.000000000000000000, -0.000000000000000000, -1.000000000000000000 ) ) ;
#1620 = EDGE_LOOP ( 'NONE', ( #1658, #1810, #301, #1536 ) ) ;
#1621 = ORIENTED_EDGE ( 'NONE', *, *, #1767, .T. ) ;
#1622 = VERTEX_POINT ( 'NONE', #653 ) ;
#1623 = CARTESIAN_POINT ( 'NONE',  ( -1.974476923076923240, 0.6801846153846153875, 0.000000000000000000 ) ) ;
#1624 = ADVANCED_FACE ( 'NONE', ( #1477 ), #383, .F. ) ;
#1625 = PLANE ( 'NONE',  #664 ) ;
#1626 = ORIENTED_EDGE ( 'NONE', *, *, #1092, .T. ) ;
#1627 = ORIENTED_EDGE ( 'NONE', *, *, #693, .F. ) ;
#1628 = ORIENTED_EDGE ( 'NONE', *, *, #8, .T. ) ;
#1629 = VERTEX_POINT ( 'NONE', #958 ) ;
#1630 = CARTESIAN_POINT ( 'NONE',  ( -1.150103826613646740, 2.868776499236303401, -1.406801269337958793 ) ) ;
#1631 = ORIENTED_EDGE ( 'NONE', *, *, #1731, .F. ) ;
#1632 = DIRECTION ( 'NONE',  ( 0.9154160183684294516, -0.4025090226497925472, 0.000000000000000000 ) ) ;
#1633 = CARTESIAN_POINT ( 'NONE',  ( 1.015000000000000124, 2.449999999999999734, 1.590000000000000080 ) ) ;
#1634 = ORIENTED_EDGE ( 'NONE', *, *, #495, .T. ) ;
#1635 = ORIENTED_EDGE ( 'NONE', *, *, #1231, .F. ) ;
#1636 = CARTESIAN_POINT ( 'NONE',  ( 1.525000000000000133, 3.465000000000000302, 1.590000000000000080 ) ) ;
#1637 = AXIS2_PLACEMENT_3D ( 'NONE', #1151, #1921, #820 ) ;
#1638 = VERTEX_POINT ( 'NONE', #57 ) ;
#1639 = CARTESIAN_POINT ( 'NONE',  ( 0.6418274515837752991, 2.894641914073159850, -1.114098096076438615 ) ) ;
#1640 = CARTESIAN_POINT ( 'NONE',  ( 1.525000000000000133, 3.465000000000000302, 1.590000000000000080 ) ) ;
#1641 = ORIENTED_EDGE ( 'NONE', *, *, #672, .T. ) ;
#1642 = AXIS2_PLACEMENT_3D ( 'NONE', #430, #1877, #995 ) ;
#1643 = ORIENTED_EDGE ( 'NONE', *, *, #149, .T. ) ;
#1644 = ORIENTED_EDGE ( 'NONE', *, *, #1288, .T. ) ;
#1645 = CARTESIAN_POINT ( 'NONE',  ( -0.9537680282263595322, 3.119313075542192060, -1.474569608028678536 ) ) ;
#1646 = EDGE_CURVE ( 'NONE', #1226, #1866, #198, .T. ) ;
#1647 = ORIENTED_EDGE ( 'NONE', *, *, #8, .F. ) ;
#1648 = DIRECTION ( 'NONE',  ( -8.537024980200821325E-17, -1.000000000000000000, 0.000000000000000000 ) ) ;
#1649 = CARTESIAN_POINT ( 'NONE',  ( 1.084977006819218159, 2.659764722811668758, -1.206973413756711189 ) ) ;
#1650 = ORIENTED_EDGE ( 'NONE', *, *, #672, .F. ) ;
#1651 = ORIENTED_EDGE ( 'NONE', *, *, #1748, .F. ) ;
#1652 = CARTESIAN_POINT ( 'NONE',  ( 0.6281896551724140965, 2.450000000000000622, 0.5750000000000001776 ) ) ;
#1653 = ORIENTED_EDGE ( 'NONE', *, *, #32, .T. ) ;
#1654 = ORIENTED_EDGE ( 'NONE', *, *, #872, .T. ) ;
#1655 = CARTESIAN_POINT ( 'NONE',  ( 1.317971926863391374, 3.464999999999999414, -1.590000000000000080 ) ) ;
#1656 = FILL_AREA_STYLE_COLOUR ( '', #1150 ) ;
#1657 = EDGE_LOOP ( 'NONE', ( #334, #1159, #296, #318 ) ) ;
#1658 = ORIENTED_EDGE ( 'NONE', *, *, #1034, .F. ) ;
#1659 = ORIENTED_EDGE ( 'NONE', *, *, #1892, .T. ) ;
#1660 = ORIENTED_EDGE ( 'NONE', *, *, #1714, .F. ) ;
#1661 = AXIS2_PLACEMENT_3D ( 'NONE', #1261, #195, #77 ) ;
#1662 = DIRECTION ( 'NONE',  ( 0.000000000000000000, -0.000000000000000000, -1.000000000000000000 ) ) ;
#1663 = ORIENTED_EDGE ( 'NONE', *, *, #1584, .T. ) ;
#1664 = STYLED_ITEM ( 'NONE', ( #775 ), #1143 ) ;
#1665 = DIRECTION ( 'NONE',  ( -0.000000000000000000, -1.000000000000000000, -0.000000000000000000 ) ) ;
#1666 = CARTESIAN_POINT ( 'NONE',  ( 0.6690659505696832099, 2.500039379477277723, 0.9352124944257218520 ) ) ;
#1667 = ORIENTED_EDGE ( 'NONE', *, *, #1811, .T. ) ;
#1668 = ADVANCED_FACE ( 'NONE', ( #1488 ), #1463, .T. ) ;
#1669 = EDGE_CURVE ( 'NONE', #1558, #1172, #1492, .T. ) ;
#1670 = CARTESIAN_POINT ( 'NONE',  ( 1.015000047733277455, 2.449999999999999289, -0.7197613672478746505 ) ) ;
#1671 = ORIENTED_EDGE ( 'NONE', *, *, #1502, .F. ) ;
#1672 = EDGE_CURVE ( 'NONE', #1221, #314, #165, .T. ) ;
#1673 = ORIENTED_EDGE ( 'NONE', *, *, #754, .T. ) ;
#1674 = CARTESIAN_POINT ( 'NONE',  ( -0.6240587068445170305, 2.883322954603917854, -1.092760271765423452 ) ) ;
#1675 = DIRECTION ( 'NONE',  ( 0.000000000000000000, 1.000000000000000000, 0.000000000000000000 ) ) ;
#1676 = VERTEX_POINT ( 'NONE', #1885 ) ;
#1677 = CARTESIAN_POINT ( 'NONE',  ( -2.105752706794937090, 1.254624805510528462, 0.000000000000000000 ) ) ;
#1678 = CARTESIAN_POINT ( 'NONE',  ( 1.014999999999999902, 2.450000000000000178, 0.5750000000000001776 ) ) ;
#1679 = ORIENTED_EDGE ( 'NONE', *, *, #174, .T. ) ;
#1680 = CARTESIAN_POINT ( 'NONE',  ( 1.269999999999999574, 2.449999999999999734, 0.2550000000000000044 ) ) ;
#1681 = AXIS2_PLACEMENT_3D ( 'NONE', #822, #1891, #992 ) ;
#1682 = ORIENTED_EDGE ( 'NONE', *, *, #32, .F. ) ;
#1683 = CARTESIAN_POINT ( 'NONE',  ( -0.5075000000000002842, 2.817499999999999449, 0.5750000000000010658 ) ) ;
#1684 = DIRECTION ( 'NONE',  ( 1.000000000000000000, 0.000000000000000000, 0.000000000000000000 ) ) ;
#1685 = ORIENTED_EDGE ( 'NONE', *, *, #91, .F. ) ;
#1686 = AXIS2_PLACEMENT_3D ( 'NONE', #925, #1675, #1495 ) ;
#1687 = DIRECTION ( 'NONE',  ( -0.000000000000000000, 0.000000000000000000, 1.000000000000000000 ) ) ;
#1688 = DIRECTION ( 'NONE',  ( -1.000000000000000000, 0.000000000000000000, 1.014853827599536117E-15 ) ) ;
#1689 = CARTESIAN_POINT ( 'NONE',  ( 1.284313270791722195, 3.337706832423100511, 1.590000000000000080 ) ) ;
#1690 = EDGE_LOOP ( 'NONE', ( #286, #384, #1487, #266 ) ) ;
#1691 = EDGE_CURVE ( 'NONE', #248, #1629, #1482, .T. ) ;
#1692 = EDGE_CURVE ( 'NONE', #905, #967, #804, .T. ) ;
#1693 = DIRECTION ( 'NONE',  ( 1.000000000000000000, 0.000000000000000000, 0.000000000000000000 ) ) ;
#1694 = VERTEX_POINT ( 'NONE', #1111 ) ;
#1695 = EDGE_CURVE ( 'NONE', #194, #942, #1454, .T. ) ;
#1696 = ORIENTED_EDGE ( 'NONE', *, *, #331, .F. ) ;
#1697 = ADVANCED_FACE ( 'NONE', ( #180 ), #1471, .T. ) ;
#1698 = CARTESIAN_POINT ( 'NONE',  ( -0.8913674833830556032, 2.792156275597308390, 1.343716306846348241 ) ) ;
#1699 = FACE_OUTER_BOUND ( 'NONE', #581, .T. ) ;
#1700 = ORIENTED_EDGE ( 'NONE', *, *, #1787, .T. ) ;
#1701 = CARTESIAN_POINT ( 'NONE',  ( 1.525000000000000577, 6.825000000000000178, 1.590000000000000080 ) ) ;
#1702 = CARTESIAN_POINT ( 'NONE',  ( 1.525000000000000577, 6.825000000000000178, 1.590000000000000080 ) ) ;
#1703 = PLANE ( 'NONE',  #1281 ) ;
#1704 = ORIENTED_EDGE ( 'NONE', *, *, #632, .T. ) ;
#1705 = DIRECTION ( 'NONE',  ( -0.000000000000000000, -0.000000000000000000, -1.000000000000000000 ) ) ;
#1706 = AXIS2_PLACEMENT_3D ( 'NONE', #1250, #1386, #1533 ) ;
#1707 = DIRECTION ( 'NONE',  ( 1.290716872006553520E-16, 1.000000000000000000, 0.000000000000000000 ) ) ;
#1708 = CARTESIAN_POINT ( 'NONE',  ( -0.7464739589717812596, 2.963487505259468247, 1.272867401847622926 ) ) ;
#1709 = AXIS2_PLACEMENT_3D ( 'NONE', #1040, #271, #1464 ) ;
#1710 = CARTESIAN_POINT ( 'NONE',  ( -1.525000000000000577, 0.000000000000000000, 3.122849337825756089E-17 ) ) ;
#1711 = ADVANCED_FACE ( 'NONE', ( #183 ), #294, .T. ) ;
#1712 = CARTESIAN_POINT ( 'NONE',  ( -1.317971926863394261, 3.465000000000000302, 1.590000000000000080 ) ) ;
#1713 = DIRECTION ( 'NONE',  ( 7.878865183728417605E-16, 2.029707655199070459E-16, 1.000000000000000000 ) ) ;
#1714 = EDGE_CURVE ( 'NONE', #1450, #329, #275, .T. ) ;
#1715 = CARTESIAN_POINT ( 'NONE',  ( 1.525000000000000133, 3.465000000000000302, 0.5750000000000001776 ) ) ;
#1716 = UNCERTAINTY_MEASURE_WITH_UNIT (LENGTH_MEASURE( 1.000000000000000082E-05 ), #1599, 'distance_accuracy_value', 'NONE');
#1717 = CARTESIAN_POINT ( 'NONE',  ( -1.525000000000000577, 7.839999999999999858, 0.5750000000000006217 ) ) ;
#1718 = ADVANCED_FACE ( 'NONE', ( #908 ), #936, .T. ) ;
#1719 = CIRCLE ( 'NONE', #1108, 1.549166666666666581 ) ;
#1720 = CARTESIAN_POINT ( 'NONE',  ( -1.317971926863390930, 3.465000000000000302, 1.590000000000000080 ) ) ;
#1721 = DIRECTION ( 'NONE',  ( 0.000000000000000000, 0.000000000000000000, 1.000000000000000000 ) ) ;
#1722 = CARTESIAN_POINT ( 'NONE',  ( -1.525000000000000133, 3.465000000000000302, 1.590000000000000080 ) ) ;
#1723 =( LENGTH_UNIT ( ) NAMED_UNIT ( * ) SI_UNIT ( .MILLI., .METRE. ) );
#1724 = CIRCLE ( 'NONE', #64, 1.014999999999999902 ) ;
#1725 = CARTESIAN_POINT ( 'NONE',  ( -2.540000000000000036, 3.465000000000000302, -0.5750000000000001776 ) ) ;
#1726 = AXIS2_PLACEMENT_3D ( 'NONE', #1936, #538, #691 ) ;
#1727 = DIRECTION ( 'NONE',  ( -1.000000000000000000, 0.000000000000000000, 0.000000000000000000 ) ) ;
#1728 = AXIS2_PLACEMENT_3D ( 'NONE', #806, #852, #962 ) ;
#1729 = CARTESIAN_POINT ( 'NONE',  ( -1.983421538461538791, 0.9350276923076926705, -3.122849337825750543E-17 ) ) ;
#1730 = FILL_AREA_STYLE_COLOUR ( '', #909 ) ;
#1731 = EDGE_CURVE ( 'NONE', #291, #1860, #312, .T. ) ;
#1732 = CARTESIAN_POINT ( 'NONE',  ( 0.6281896551724137634, 2.449999999999999734, -0.5749999999999997335 ) ) ;
#1733 = DIRECTION ( 'NONE',  ( 0.000000000000000000, 1.000000000000000000, 0.000000000000000000 ) ) ;
#1734 = CARTESIAN_POINT ( 'NONE',  ( -0.6115574210430729796, 2.876245113788409302, -1.054263803355519613 ) ) ;
#1735 = DIRECTION ( 'NONE',  ( 0.000000000000000000, 0.000000000000000000, 1.000000000000000000 ) ) ;
#1736 = CARTESIAN_POINT ( 'NONE',  ( -1.525000000000000133, 3.465000000000000302, 0.5750000000000001776 ) ) ;
#1737 = DIRECTION ( 'NONE',  ( 0.000000000000000000, -0.000000000000000000, -1.000000000000000000 ) ) ;
#1738 = AXIS2_PLACEMENT_3D ( 'NONE', #397, #519, #1845 ) ;
#1739 = CARTESIAN_POINT ( 'NONE',  ( 1.317971926863394261, 3.465000000000000302, 1.590000000000000080 ) ) ;
#1740 = ADVANCED_FACE ( 'NONE', ( #1597 ), #955, .T. ) ;
#1741 = CARTESIAN_POINT ( 'NONE',  ( 1.269999999999999574, 2.000000000000000000, -0.2550000000000000044 ) ) ;
#1742 = AXIS2_PLACEMENT_3D ( 'NONE', #438, #1327, #568 ) ;
#1743 = DIRECTION ( 'NONE',  ( 1.000000000000000000, 0.000000000000000000, 0.000000000000000000 ) ) ;
#1744 = PLANE ( 'NONE',  #945 ) ;
#1745 = DIRECTION ( 'NONE',  ( -1.000000000000000000, 0.000000000000000000, 0.000000000000000000 ) ) ;
#1746 = EDGE_CURVE ( 'NONE', #324, #942, #284, .T. ) ;
#1747 = DIRECTION ( 'NONE',  ( 1.000000000000000000, 8.537024980200821325E-17, 0.000000000000000000 ) ) ;
#1748 = EDGE_CURVE ( 'NONE', #329, #1207, #1583, .T. ) ;
#1749 = DIRECTION ( 'NONE',  ( 0.9154160183684295626, -0.4025090226497926027, -0.000000000000000000 ) ) ;
#1750 = DIRECTION ( 'NONE',  ( 1.000000000000000000, 0.000000000000000000, 0.000000000000000000 ) ) ;
#1751 = CARTESIAN_POINT ( 'NONE',  ( 1.015000000000000568, 0.000000000000000000, 0.000000000000000000 ) ) ;
#1752 = DIRECTION ( 'NONE',  ( 0.000000000000000000, 0.000000000000000000, -1.000000000000000000 ) ) ;
#1753 = DIRECTION ( 'NONE',  ( -0.000000000000000000, -1.000000000000000000, -0.000000000000000000 ) ) ;
#1754 = CARTESIAN_POINT ( 'NONE',  ( -1.317971926863394261, 3.465000000000000302, 1.590000000000000080 ) ) ;
#1755 = STYLED_ITEM ( 'NONE', ( #893 ), #1020 ) ;
#1756 = DIRECTION ( 'NONE',  ( -0.4025090226497925472, -0.9154160183684295626, 0.000000000000000000 ) ) ;
#1757 = CARTESIAN_POINT ( 'NONE',  ( 1.525000000000000133, 2.449999999999999734, 1.590000000000000080 ) ) ;
#1758 = EDGE_LOOP ( 'NONE', ( #1241, #507, #1924, #1142, #1601 ) ) ;
#1759 = CARTESIAN_POINT ( 'NONE',  ( -1.105441509490612040, 2.725071762856797530, -1.272867399662675369 ) ) ;
#1760 = DIRECTION ( 'NONE',  ( 0.000000000000000000, 0.000000000000000000, 1.000000000000000000 ) ) ;
#1761 = EDGE_CURVE ( 'NONE', #314, #1879, #1611, .T. ) ;
#1762 = VERTEX_POINT ( 'NONE', #1918 ) ;
#1763 = CARTESIAN_POINT ( 'NONE',  ( -1.269999999999999574, 2.449999999999999734, 0.000000000000000000 ) ) ;
#1764 = ADVANCED_FACE ( 'NONE', ( #280 ), #250, .F. ) ;
#1765 = EDGE_CURVE ( 'NONE', #1879, #293, #1541, .T. ) ;
#1766 = DIRECTION ( 'NONE',  ( -1.000000000000000000, 0.000000000000000000, 0.000000000000000000 ) ) ;
#1767 = EDGE_CURVE ( 'NONE', #931, #1860, #1837, .T. ) ;
#1768 = ORIENTED_EDGE ( 'NONE', *, *, #196, .T. ) ;
#1769 = ORIENTED_EDGE ( 'NONE', *, *, #1787, .F. ) ;
#1770 = CARTESIAN_POINT ( 'NONE',  ( 0.8658128564571473396, 3.049462758030467846, -1.406801264968063681 ) ) ;
#1771 = CARTESIAN_POINT ( 'NONE',  ( 1.525000000000000577, 3.465000000000000302, -0.5750000000000001776 ) ) ;
#1772 = VERTEX_POINT ( 'NONE', #1147 ) ;
#1773 = DIRECTION ( 'NONE',  ( 0.000000000000000000, -0.000000000000000000, -1.000000000000000000 ) ) ;
#1774 = CARTESIAN_POINT ( 'NONE',  ( 1.985000000000000320, 0.9799999999999999822, 0.000000000000000000 ) ) ;
#1775 = ORIENTED_EDGE ( 'NONE', *, *, #331, .T. ) ;
#1776 = DIRECTION ( 'NONE',  ( 0.000000000000000000, -0.000000000000000000, -1.000000000000000000 ) ) ;
#1777 = DIRECTION ( 'NONE',  ( -1.290716872006553520E-16, 1.000000000000000000, 0.000000000000000000 ) ) ;
#1778 = CARTESIAN_POINT ( 'NONE',  ( 1.054609351342066237, 2.567588401587051816, 1.054263804548529304 ) ) ;
#1779 = ORIENTED_EDGE ( 'NONE', *, *, #87, .F. ) ;
#1780 = AXIS2_PLACEMENT_3D ( 'NONE', #1124, #1749, #1267 ) ;
#1781 = ORIENTED_EDGE ( 'NONE', *, *, #176, .T. ) ;
#1782 = CARTESIAN_POINT ( 'NONE',  ( 0.7900424211600794999, 2.655695382246621161, -1.199737214343317149 ) ) ;
#1783 = AXIS2_PLACEMENT_3D ( 'NONE', #1082, #1347, #1490 ) ;
#1784 = ADVANCED_FACE ( 'NONE', ( #218 ), #922, .T. ) ;
#1785 = VERTEX_POINT ( 'NONE', #1083 ) ;
#1786 = CARTESIAN_POINT ( 'NONE',  ( 0.5323331890646950670, 2.830137751168144700, 0.8452591042128210219 ) ) ;
#1787 = EDGE_CURVE ( 'NONE', #1039, #1622, #299, .T. ) ;
#1788 = DIRECTION ( 'NONE',  ( 0.9154160183684294516, -0.4025090226497925472, 0.000000000000000000 ) ) ;
#1789 = DIRECTION ( 'NONE',  ( 0.000000000000000000, 0.000000000000000000, 1.000000000000000000 ) ) ;
#1790 = DIRECTION ( 'NONE',  ( 0.000000000000000000, -1.000000000000000000, -0.000000000000000000 ) ) ;
#1791 = CONTEXT_DEPENDENT_SHAPE_REPRESENTATION ( #333, #1917 ) ;
#1792 = B_SPLINE_CURVE_WITH_KNOTS ( 'NONE', 3,
 ( #1551, #694, #497, #95, #509, #805, #1094, #418, #554, #1607 ),
 .UNSPECIFIED., .F., .F.,
 ( 4, 2, 2, 2, 4 ),
 ( -6.697961313148116233E-06, 0.0003938681495561033590, 0.0007944342604253548960, 0.001195000371294606270, 0.001595566482163857753 ),
 .UNSPECIFIED. ) ;
#1793 = EDGE_LOOP ( 'NONE', ( #1641, #1605, #1503, #1685 ) ) ;
#1794 = ORIENTED_EDGE ( 'NONE', *, *, #1368, .F. ) ;
#1795 = CARTESIAN_POINT ( 'NONE',  ( 1.255784652747865326, 3.353555379194181896, -1.589942153759376975 ) ) ;
#1796 = TOROIDAL_SURFACE ( 'NONE', #1783, 1.549166666666666581, 1.014999999999999902 ) ;
#1797 = VERTEX_POINT ( 'NONE', #436 ) ;
#1798 = ORIENTED_EDGE ( 'NONE', *, *, #445, .T. ) ;
#1799 = CARTESIAN_POINT ( 'NONE',  ( -0.5323331890646948450, 2.830137751168143811, -0.8452591042128202448 ) ) ;
#1800 = ADVANCED_FACE ( 'NONE', ( #949 ), #304, .T. ) ;
#1801 = CARTESIAN_POINT ( 'NONE',  ( -1.317971926863390930, 3.465000000000000302, 1.590000000000000080 ) ) ;
#1802 = AXIS2_PLACEMENT_3D ( 'NONE', #1160, #1311, #20 ) ;
#1803 = CARTESIAN_POINT ( 'NONE',  ( 1.525000000000000577, 6.824999999999999289, -0.5750000000000001776 ) ) ;
#1804 = CARTESIAN_POINT ( 'NONE',  ( 1.105441509490611596, 2.725071762856796642, 1.272867399662673593 ) ) ;
#1805 = ORIENTED_EDGE ( 'NONE', *, *, #549, .F. ) ;
#1806 = LINE ( 'NONE', #972, #1194 ) ;
#1807 = TOROIDAL_SURFACE ( 'NONE', #214, 0.2999999999999991007, 0.2550000000000000044 ) ;
#1808 = AXIS2_PLACEMENT_3D ( 'NONE', #1823, #352, #1411 ) ;
#1809 = ORIENTED_EDGE ( 'NONE', *, *, #522, .F. ) ;
#1810 = ORIENTED_EDGE ( 'NONE', *, *, #1504, .T. ) ;
#1811 = EDGE_CURVE ( 'NONE', #1558, #1849, #1511, .T. ) ;
#1812 = VERTEX_POINT ( 'NONE', #578 ) ;
#1813 = DIRECTION ( 'NONE',  ( 0.000000000000000000, 0.000000000000000000, 1.000000000000000000 ) ) ;
#1814 = CARTESIAN_POINT ( 'NONE',  ( -1.136145413084427291, 3.280874038703835538, 1.566803143429326584 ) ) ;
#1815 = ORIENTED_EDGE ( 'NONE', *, *, #575, .F. ) ;
#1816 = DIRECTION ( 'NONE',  ( -0.000000000000000000, -0.000000000000000000, -1.000000000000000000 ) ) ;
#1817 = ORIENTED_EDGE ( 'NONE', *, *, #1325, .F. ) ;
#1818 = DIRECTION ( 'NONE',  ( -8.537024980200821325E-17, -1.000000000000000000, 0.000000000000000000 ) ) ;
#1819 = CARTESIAN_POINT ( 'NONE',  ( 1.227326938848940729, 3.369508266221643122, 1.590000000000000080 ) ) ;
#1820 = LINE ( 'NONE', #634, #1161 ) ;
#1821 = LINE ( 'NONE', #695, #1181 ) ;
#1822 = VERTEX_POINT ( 'NONE', #132 ) ;
#1823 = CARTESIAN_POINT ( 'NONE',  ( 1.269999999999999574, 2.000000000000000000, 0.000000000000000000 ) ) ;
#1824 = VERTEX_POINT ( 'NONE', #451 ) ;
#1825 = FACE_OUTER_BOUND ( 'NONE', #1616, .T. ) ;
#1826 = ORIENTED_EDGE ( 'NONE', *, *, #87, .T. ) ;
#1827 = AXIS2_PLACEMENT_3D ( 'NONE', #536, #1120, #371 ) ;
#1828 = FACE_OUTER_BOUND ( 'NONE', #1002, .T. ) ;
#1829 = CARTESIAN_POINT ( 'NONE',  ( -0.9930514000798442709, 2.935493083818583759, 1.452952208383573973 ) ) ;
#1830 = ORIENTED_EDGE ( 'NONE', *, *, #1761, .T. ) ;
#1831 = EDGE_LOOP ( 'NONE', ( #935, #1506, #1635, #257 ) ) ;
#1832 = PRESENTATION_LAYER_ASSIGNMENT (  '', '', ( #1664 ) ) ;
#1833 = CARTESIAN_POINT ( 'NONE',  ( 2.540000000000000036, 3.465000000000000302, 0.5750000000000006217 ) ) ;
#1834 = DIRECTION ( 'NONE',  ( -0.000000000000000000, -0.000000000000000000, -1.000000000000000000 ) ) ;
#1835 = DIRECTION ( 'NONE',  ( -0.000000000000000000, 0.000000000000000000, -1.000000000000000000 ) ) ;
#1836 = EDGE_LOOP ( 'NONE', ( #343, #1660 ) ) ;
#1837 = B_SPLINE_CURVE_WITH_KNOTS ( 'NONE', 3,
 ( #1074, #929, #120, #1649, #110, #757, #1321, #1016 ),
 .UNSPECIFIED., .F., .F.,
 ( 4, 2, 2, 4 ),
 ( -6.696733730146018253E-06, 0.0008007429943039704422, 0.001204462858321028729, 0.001608182722338087015 ),
 .UNSPECIFIED. ) ;
#1838 = CIRCLE ( 'NONE', #1089, 0.8339717345613351096 ) ;
#1839 = DIRECTION ( 'NONE',  ( -1.000000000000000000, 0.000000000000000000, 0.000000000000000000 ) ) ;
#1840 = AXIS2_PLACEMENT_3D ( 'NONE', #1374, #1429, #426 ) ;
#1841 = ADVANCED_FACE ( 'NONE', ( #287 ), #1545, .T. ) ;
#1842 = CARTESIAN_POINT ( 'NONE',  ( -2.105752706794937090, 1.254624805510528462, 0.000000000000000000 ) ) ;
#1843 = VERTEX_POINT ( 'NONE', #1701 ) ;
#1844 = CIRCLE ( 'NONE', #443, 0.2550000000000000044 ) ;
#1845 = DIRECTION ( 'NONE',  ( 0.000000000000000000, 0.000000000000000000, 1.000000000000000000 ) ) ;
#1846 = ORIENTED_EDGE ( 'NONE', *, *, #690, .T. ) ;
#1847 = CIRCLE ( 'NONE', #237, 0.9356034482758620596 ) ;
#1848 = CARTESIAN_POINT ( 'NONE',  ( -1.255784652768866305, 3.353555379227580957, 1.589942172895596029 ) ) ;
#1849 = VERTEX_POINT ( 'NONE', #1833 ) ;
#1850 = DIRECTION ( 'NONE',  ( 1.000000000000000000, 0.000000000000000000, 0.000000000000000000 ) ) ;
#1851 = CARTESIAN_POINT ( 'NONE',  ( 1.269999999999999574, 2.449999999999999734, -0.2550000000000000044 ) ) ;
#1852 =( NAMED_UNIT ( * ) SI_UNIT ( $, .STERADIAN. ) SOLID_ANGLE_UNIT ( ) );
#1853 = EDGE_LOOP ( 'NONE', ( #1213, #979, #555, #599 ) ) ;
#1854 = DIRECTION ( 'NONE',  ( 8.537024980200821325E-17, -1.000000000000000000, -0.000000000000000000 ) ) ;
#1855 = CLOSED_SHELL ( 'NONE', ( #1088, #1318, #78, #1764, #1076, #379, #1624, #876, #116, #771, #395, #1479, #186, #1277, #462, #1348, #1863, #1528, #702, #1740, #498, #1064, #65, #959, #1177, #1422, #1784, #240, #674, #1800, #278, #1135, #889, #327, #1170, #583, #1049, #795 ) ) ;
#1856 = DIRECTION ( 'NONE',  ( -1.000000000000000000, 0.000000000000000000, 0.000000000000000000 ) ) ;
#1857 = VERTEX_POINT ( 'NONE', #1710 ) ;
#1858 = DIRECTION ( 'NONE',  ( -1.000000000000000000, 0.000000000000000000, -8.118830620796288738E-16 ) ) ;
#1859 = AXIS2_PLACEMENT_3D ( 'NONE', #807, #825, #684 ) ;
#1860 = VERTEX_POINT ( 'NONE', #791 ) ;
#1861 = DIRECTION ( 'NONE',  ( 0.000000000000000000, 0.000000000000000000, 1.000000000000000000 ) ) ;
#1862 = CARTESIAN_POINT ( 'NONE',  ( -1.024680236116468190, 2.477913317847499464, -0.8469261337504807585 ) ) ;
#1863 = ADVANCED_FACE ( 'NONE', ( #1588 ), #254, .T. ) ;
#1864 = DIRECTION ( 'NONE',  ( -1.000000000000000000, 0.000000000000000000, 0.000000000000000000 ) ) ;
#1865 = EDGE_CURVE ( 'NONE', #514, #1610, #1507, .T. ) ;
#1866 = VERTEX_POINT ( 'NONE', #390 ) ;
#1867 = EDGE_CURVE ( 'NONE', #314, #1622, #1574, .T. ) ;
#1868 = CARTESIAN_POINT ( 'NONE',  ( 2.540000000000000480, 6.824999999999999289, 1.590000000000000080 ) ) ;
#1869 = EDGE_CURVE ( 'NONE', #902, #1578, #1550, .T. ) ;
#1870 = EDGE_LOOP ( 'NONE', ( #1164, #880, #1586 ) ) ;
#1871 = FACE_OUTER_BOUND ( 'NONE', #1136, .T. ) ;
#1872 = DIRECTION ( 'NONE',  ( -0.9154160183684294516, -0.4025090226497925472, 0.000000000000000000 ) ) ;
#1873 = EDGE_LOOP ( 'NONE', ( #1596, #1886, #355, #1457, #319, #1650 ) ) ;
#1874 = CIRCLE ( 'NONE', #1208, 0.5341666666666666785 ) ;
#1875 = DIRECTION ( 'NONE',  ( -0.9154160183684294516, -0.4025090226497925472, 0.000000000000000000 ) ) ;
#1876 = VECTOR ( 'NONE', #1086, 1000.000000000000000 ) ;
#1877 = DIRECTION ( 'NONE',  ( -0.9993846153846154268, 0.03507692307692317907, -0.000000000000000000 ) ) ;
#1878 = CARTESIAN_POINT ( 'NONE',  ( -1.269999999999999796, -5.000000000000000000, 0.000000000000000000 ) ) ;
#1879 = VERTEX_POINT ( 'NONE', #973 ) ;
#1880 = CARTESIAN_POINT ( 'NONE',  ( -1.066062291051198319, 2.602361941701990311, -1.114098094297782948 ) ) ;
#1881 = ORIENTED_EDGE ( 'NONE', *, *, #196, .F. ) ;
#1882 = AXIS2_PLACEMENT_3D ( 'NONE', #42, #169, #571 ) ;
#1883 = VECTOR ( 'NONE', #932, 1000.000000000000000 ) ;
#1884 = SURFACE_STYLE_USAGE ( .BOTH. , #424 ) ;
#1885 = CARTESIAN_POINT ( 'NONE',  ( 0.5075000000000002842, 2.817499999999999449, -0.5749999999999989564 ) ) ;
#1886 = ORIENTED_EDGE ( 'NONE', *, *, #1406, .F. ) ;
#1887 = AXIS2_PLACEMENT_3D ( 'NONE', #480, #1287, #827 ) ;
#1888 = DIRECTION ( 'NONE',  ( 0.000000000000000000, 0.000000000000000000, 1.000000000000000000 ) ) ;
#1889 = B_SPLINE_CURVE_WITH_KNOTS ( 'NONE', 3,
 ( #1350, #755, #1071, #341, #1494, #1359, #1674, #1799, #155, #322 ),
 .UNSPECIFIED., .F., .F.,
 ( 4, 2, 2, 2, 4 ),
 ( -6.697961313148116233E-06, 0.0003938681495561033590, 0.0007944342604253548960, 0.001195000371294606270, 0.001595566482163857753 ),
 .UNSPECIFIED. ) ;
#1890 = ORIENTED_EDGE ( 'NONE', *, *, #1262, .F. ) ;
#1891 = DIRECTION ( 'NONE',  ( -0.000000000000000000, 1.000000000000000000, -0.000000000000000000 ) ) ;
#1892 = EDGE_CURVE ( 'NONE', #1843, #831, #215, .T. ) ;
#1893 = CARTESIAN_POINT ( 'NONE',  ( -2.540000000000000036, 3.465000000000000302, -0.5749999999999992895 ) ) ;
#1894 = CARTESIAN_POINT ( 'NONE',  ( -1.525000000000000133, 2.449999999999999734, 1.590000000000000080 ) ) ;
#1895 = CIRCLE ( 'NONE', #1341, 1.014999999999999902 ) ;
#1896 = ORIENTED_EDGE ( 'NONE', *, *, #1525, .T. ) ;
#1897 = TOROIDAL_SURFACE ( 'NONE', #295, 0.6806034482758621662, 0.2550000000000000044 ) ;
#1898 = DIRECTION ( 'NONE',  ( -0.000000000000000000, -0.000000000000000000, -1.000000000000000000 ) ) ;
#1899 = ORIENTED_EDGE ( 'NONE', *, *, #1131, .F. ) ;
#1900 = DIRECTION ( 'NONE',  ( 0.000000000000000000, 1.000000000000000000, 0.000000000000000000 ) ) ;
#1901 = DIRECTION ( 'NONE',  ( 1.000000000000000000, 0.000000000000000000, 0.000000000000000000 ) ) ;
#1902 = VECTOR ( 'NONE', #983, 1000.000000000000000 ) ;
#1903 = EDGE_LOOP ( 'NONE', ( #381, #417 ) ) ;
#1904 = CIRCLE ( 'NONE', #846, 0.2550000000000000044 ) ;
#1905 = DIRECTION ( 'NONE',  ( -1.000000000000000000, 0.000000000000000000, 0.000000000000000000 ) ) ;
#1906 = SPHERICAL_SURFACE ( 'NONE', #1182, 1.014999999999999902 ) ;
#1907 = EDGE_LOOP ( 'NONE', ( #1794, #1628, #487, #1148, #1141 ) ) ;
#1908 = CARTESIAN_POINT ( 'NONE',  ( 1.525000000000000133, 6.825000000000000178, 0.5750000000000001776 ) ) ;
#1909 = PRODUCT_RELATED_PRODUCT_CATEGORY ( 'part', '', ( #1255 ) ) ;
#1910 = CARTESIAN_POINT ( 'NONE',  ( 0.000000000000000000, 2.650833333333333375, 0.5750000000000006217 ) ) ;
#1911 = ORIENTED_EDGE ( 'NONE', *, *, #603, .F. ) ;
#1912 = AXIS2_PLACEMENT_3D ( 'NONE', #189, #488, #24 ) ;
#1913 = FACE_OUTER_BOUND ( 'NONE', #413, .T. ) ;
#1914 = CARTESIAN_POINT ( 'NONE',  ( 0.9403122475105115674, 3.108005182600436012, 1.465896027348235986 ) ) ;
#1915 = ORIENTED_EDGE ( 'NONE', *, *, #984, .F. ) ;
#1916 = CARTESIAN_POINT ( 'NONE',  ( 1.525000000000000577, 6.825000000000000178, 0.5750000000000001776 ) ) ;
#1917 = PRODUCT_DEFINITION_SHAPE ( 'NONE', 'NONE',  #1937 ) ;
#1918 = CARTESIAN_POINT ( 'NONE',  ( -1.525000000000000577, 3.465000000000000302, -1.590000000000000080 ) ) ;
#1919 = STYLED_ITEM ( 'NONE', ( #531 ), #67 ) ;
#1920 = VERTEX_POINT ( 'NONE', #1569 ) ;
#1921 = DIRECTION ( 'NONE',  ( 0.000000000000000000, 1.000000000000000000, 0.000000000000000000 ) ) ;
#1922 = ADVANCED_FACE ( 'NONE', ( #903 ), #863, .T. ) ;
#1923 = CIRCLE ( 'NONE', #667, 0.2550000000000000044 ) ;
#1924 = ORIENTED_EDGE ( 'NONE', *, *, #104, .T. ) ;
#1925 = EDGE_CURVE ( 'NONE', #931, #1676, #1792, .T. ) ;
#1926 = ORIENTED_EDGE ( 'NONE', *, *, #1504, .F. ) ;
#1927 = CARTESIAN_POINT ( 'NONE',  ( 0.9537680282263595322, 3.119313075542192060, -1.474569608028678536 ) ) ;
#1928 = DIRECTION ( 'NONE',  ( 0.000000000000000000, 1.000000000000000000, 0.000000000000000000 ) ) ;
#1929 = CIRCLE ( 'NONE', #891, 1.015000000000000568 ) ;
#1930 = ORIENTED_EDGE ( 'NONE', *, *, #458, .T. ) ;
#1931 = VECTOR ( 'NONE', #227, 1000.000000000000000 ) ;
#1932 = ORIENTED_EDGE ( 'NONE', *, *, #1691, .F. ) ;
#1933 = DIRECTION ( 'NONE',  ( 0.000000000000000000, 1.000000000000000000, 0.000000000000000000 ) ) ;
#1934 = CARTESIAN_POINT ( 'NONE',  ( 2.540000000000000036, 3.465000000000000302, 1.590000000000000080 ) ) ;
#1935 = CARTESIAN_POINT ( 'NONE',  ( -1.974476923076923240, 0.6801846153846153875, 0.000000000000000000 ) ) ;
#1936 = CARTESIAN_POINT ( 'NONE',  ( 0.000000000000000000, 2.650833333333333375, -0.5749999999999997335 ) ) ;
#1937 = NEXT_ASSEMBLY_USAGE_OCCURRENCE ( 'NAUO1', ' ', ' ', #1298, #229, $ ) ;
ENDSEC;
END-ISO-10303-21;
